개방시설명,휴관일,평일운영시작시각,평일운영종료시각,주말운영시작시각,주말운영종료시각,유료사용여부,사용기준시간,사용료,초과사용단위시간,초과사용료,수용가능인원수,면적,소재지도로명주소,소재지지번주소,사용안내전화번호,위도,경도,데이터기준일자
평창군문화복지센터,공휴일+일요일,9:00,22:00,9:00,18:00,Y,,"강당/다목적강당:80000(오전)+80000(오후)+100000(야간)+150,000(1일",,,80,,강원도 평창군 평창읍 평창중앙로 67,강원도 평창군 평창읍 하리 113-1,033-330-2040,37.3687683,128.3948846,2022-11-30
미탄복지회관,연중무휴,9:00,18:00,9:00,18:00,Y,2,40000,,,,437.58,강원도 평창군 미탄면 청옥산1길 3-9,강원도 평창군 미탄면 창리 617,033-330-2116,37.34246503,128.4957215,2022-11-30
미탄복지회관,연중무휴,9:00,18:00,9:00,18:00,Y,4,30000,,,,673.71,강원도 평창군 피탄면 청옥산1길 13,강원도 평창군 미탄면 창리 607-1,033-330-2116,37.3428273,128.4962538,2022-11-30
방림복지회관,연중무휴,9:00,18:00,9:00,18:00,Y,4,30000,,,,659.68,강원도 평창군 방림면 서동로 1338-3,강원도 평창군 방림면 방림리 1271-2,033-330-2116,37.42556013,128.3940269,2022-11-30
계촌복지회관,연중무휴,9:00,18:00,9:00,18:00,Y,4,30000,,,,587.92,강원도 평창군 방림면 계촌길 101,강원도 평창군 방림면 계촌리 1410-10,033-330-2116,37.45232828,128.3060731,2022-11-30
봉평복지회관,연중무휴,9:00,18:00,9:00,18:00,Y,4,30000,,,,474.21,강원도 평창군 봉평면 기풍4길 10,강원도 평창군 봉평면 창동리 345,033-330-2116,37.61610088,128.3793248,2022-11-30
우리누리청소년문화센터 도서관,"매월 2째주, 4째주 일요일",10:00,19:00,10:00,18:00,N,,,,,50,118,경상남도 창원시 마산회원구 팔용로 128,경상남도 창원시 마산회원구 합성동 91-3,055-712-0320,35.240104,128.590761,2020-12-02
우리누리청소년문화센터 소공연장,"매월 2째주, 4째주 일요일",9:00,22:00,9:00,22:00,Y,,70000,,,200,258,경상남도 창원시 마산회원구 팔용로 128,경상남도 창원시 마산회원구 합성동 91-3,055-712-0315,35.240104,128.590761,2020-12-02
우리누리청소년문화센터 다목적실,"매월 2째주, 4째주 일요일",9:00,22:00,9:00,22:00,Y,,"50,000",,,40,96,경상남도 창원시 마산회원구 팔용로 128,경상남도 창원시 마산회원구 합성동 91-3,055-712-0315,35.240104,128.590761,2020-12-02
우리누리청소년문화센터 체육관,"매월 2째주, 4째주 일요일",9:00,22:00,9:00,20:00,Y,,50000,,,630,1.159.57,경상남도 창원시 마산회원구 팔용로 128,경상남도 창원시 마산회원구 합성동 91-3,055-712-0315,35.240104,128.590761,2020-12-02
늘푸른전당 공연장,연중무휴,9:00,22:00,9:00,22:00,Y,,"80,000",2,40000,648,1037,경상남도 창원시 의창구 두대로 97,경상남도 창원시 의창구 삼동동 293,055-712-0377,35.229894,128.653836,2020-12-02
늘푸른전당 체육관,연중무휴,9:00,22:00,9:00,22:00,Y,4,3,2,20000,1000,842,경상남도 창원시 의창구 두대로 98,경상남도 창원시 의창구 삼동동 250,055-712-0354,35.229894,128.653836,2020-12-02
늘푸른전당 수영장,"매월 2째주, 4째주 일요일",6:00,20:00,6:00,18:00,Y,,3500,,,390,1287,경상남도 창원시 의창구 두대로 98,경상남도 창원시 의창구 삼동동 250,055-712-0379,35.229894,128.653836,2020-12-02
늘푸른전당 헬스장,"매월 2째주, 4째주 일요일",6:00,21:00,6:00,18:00,Y,,3000,,,226,226,경상남도 창원시 의창구 두대로 98,경상남도 창원시 의창구 삼동동 250,055-712-0380,35.229894,128.653836,2020-12-02
문학동행정복지센터 회의실,토+일+공휴일,9:00,18:00,0:00,0:00,N,1,0,1,,20,112,인천광역시 미추홀구 소성로 339,인천광역시 미추홀구 문학동 385-6,032-728-6501,37.43768495,126.6850043,2023-12-15
문학동행정복지센터 다목적실,토+일+공휴일,9:00,18:00,0:00,0:00,N,1,0,1,,20,146,인천광역시 미추홀구 소성로 339,인천광역시 미추홀구 문학동 385-6,032-728-6501,37.43768495,126.6850043,2023-12-15
금산다락원 만남의집 대회의실,토+공휴일,9:00,21:00,0:00,0:00,N,,,,,25,,충청남도 금산군 금산읍 금산로 1559,,041-750-3482,36.11206663,127.4916234,2023-12-15
금산다락원 만남의집 소회의실,토+공휴일,9:00,21:00,0:00,0:00,N,,,,,15,,충청남도 금산군 금산읍 금산로 1559,,041-750-3482,36.11206663,127.4916388,2023-12-15
금산다락원 청산아트홀,공휴일,9:00,21:00,9:00,18:00,N,,,,,50,132,충청남도 금산군 금산읍 금산로 1559,,041-750-3493,36.11206663,127.4916234,2023-12-15
금산다락원 생명의집 대공연장,공휴일,9:00,21:00,9:00,21:00,Y,,,302,20,704,990,충청남도 금산군 금산읍 금산로 1559,,041-750-3493,36.11206663,127.4916234,2023-12-15
소공인특화지원센터 공동장비실,토+일,9:00,18:00,0:00,0:00,N,,무료,,,15,,경기도 군포시 당정로28번길 23,,,37.35302727,126.9576713,2023-11-30
소공인특화지원센터 교육장라운지A,토+일,9:00,18:00,0:00,0:00,N,,무료,,,40,,경기도 군포시 당정로28번길 23,,,37.35302727,126.9576713,2023-11-30
소공인특화지원센터 교육장라운지 휴게공간B,토+일,9:00,18:00,0:00,0:00,N,,무료,,,17,,경기도 군포시 당정로28번길 23,,,37.35302727,126.9576713,2023-11-30
소공인특화지원센터 교육장라운지 전체(A+B),토+일,9:00,18:00,0:00,0:00,N,,무료,,,50,,경기도 군포시 당정로28번길 23,,,37.35302727,126.9576713,2023-11-30
소공인특화지원센터 교육장라운지 회의실,토+일,9:00,18:00,0:00,0:00,N,,무료,,,6,,경기도 군포시 당정로28번길 23,,,37.35302727,126.9576713,2023-11-30
군포시새마을회관 강당,토+일,9:00,18:00,0:00,0:00,N,,무료,,,50,,경기도 군포시 산본천로 23,,,37.35935983,126.9264763,2023-11-30
다가온 다가온,토(12월~2월)+일,9:00,18:00,9:00,18:00,N,,무료,,,30,,경기도 군포시 당정로28번길 22,,,37.35269404,126.9575748,2023-11-30
다가온 크리에이터 on,토(12월~2월)+일,9:00,18:00,9:00,18:00,N,,무료,,,1,,경기도 군포시 당정로28번길 22,,,37.35269404,126.9575748,2023-11-30
다가온 프로그램실,토(12월~2월)+일,9:00,18:00,9:00,18:00,N,,무료,,,18,,경기도 군포시 당정로28번길 22,,,37.35269404,126.9575748,2023-11-30
강동구 성내2동 자치회관 새미실(지하1층),공휴일,9:00,21:00,9:00,18:00,Y,1,5000,,,,,서울특별시 강동구 풍성로37가길 62,서울특별시 강동구 성내동 508,,37.53243047,127.1295279,2023-08-18
강동구 성내3동 자치회관 제1강의실(2층),공휴일,9:00,21:00,9:00,18:00,Y,1,5000,,,,,서울특별시 강동구 풍성로37가길 62,서울특별시 강동구 성내동 508,,37.53243047,127.1295279,2023-08-18
강동구 성내3동 자치회관 다목적실(지하1층),공휴일,9:00,21:00,9:00,18:00,Y,1,5000,,,,,서울특별시 강동구 강동대로53길 76,서울특별시 강동구 성내동 430-29,,37.5260027,127.1328729,2023-08-18
강동구 성내3동 자치회관 제2강의실(2층),공휴일,9:00,21:00,9:00,18:00,Y,1,5000,,,,,서울특별시 강동구 강동대로53길 76,서울특별시 강동구 성내동 430-29,,37.5260027,127.1328729,2023-08-18
강동구 길동 주민센터 회의실(3층),공휴일,9:00,21:00,9:00,18:00,N,,,,,,,서울특별시 강동구 강동대로53길 76,서울특별시 강동구 성내동 430-29,,37.52604217,127.1328839,2023-08-18
강동구 둔촌2동 자치회관 다목적실(2층),공휴일,9:00,21:00,9:00,18:00,N,,,,,,,서울특별시 강동구 천호대로186길 7,서울특별시 강동구 둔촌동 65,,37.5333052,127.1419351,2023-08-18
서대문구 홍은1동 주민센터 3층 강좌실,토요일+일요일+공휴일,9:00,18:00,0:00,0:00,N,1,0,1,,20,55,서울특별시 서대문구 홍은중앙로 85,서울특별시 서대문구 홍은동 11-853,02-330-8483,37.598849,126.9471453,2023-07-14
서대문구 홍은2동 주민센터 취미교실,토요일+일요일+공휴일,9:00,18:00,0:00,0:00,N,1,0,1,,20,50.2,서울특별시 서대문구 모래내로 334,서울특별시 서대문구 홍은동 273-10,02-330-8501,37.58010825,126.934135,2023-07-14
서대문구 남가좌1동 주민자치 지하2층 커뮤니티실1,토요일+일요일+공휴일,9:00,18:00,0:00,0:00,N,1,0,1,,50,210,서울특별시 서대문구 모래내로15길 37,서울특별시 서대문구 남가좌동 115-36,02-330-8510,37.57327487,126.9197797,2023-07-14
서대문구 남가좌1동 주민센터 지하2층 커뮤니티실2,토요일+일요일+공휴일,9:00,18:00,0:00,0:00,N,1,0,1,,20,45,서울특별시 서대문구 모래내로15길 37,서울특별시 서대문구 남가좌동 115-36,02-330-8510,37.57327487,126.9197797,2023-07-14
서대문구 남가좌1동 주민센터 지하2층 커뮤니티실3,토요일+일요일+공휴일,9:00,18:00,0:00,0:00,N,1,0,1,,10,32,서울특별시 서대문구 모래내로15길 37,서울특별시 서대문구 남가좌동 115-36,02-330-8510,37.57327487,126.9197797,2023-07-14
군포시가야종합사회복지관 건강재능실,토+일,9:00,18:00,0:00,0:00,Y,1,(시간당)5000원,,,40,,경기도 군포시 번영로 331-1,,,37.34559177,126.9230987,2023-11-30
군포시가야종합사회복지관 다목적교실,토+일,9:00,18:00,0:00,0:00,Y,1,(시간당)5000원,,,30,,경기도 군포시 번영로 331-1,,,37.34559177,126.9230987,2023-11-30
군포시가야종합사회복지관 집단지도교실1,토+일,9:00,18:00,0:00,0:00,Y,1,(시간당)5000원,,,10,,경기도 군포시 번영로 331-1,,,37.34559177,126.9230987,2023-11-30
군포시가야종합사회복지관 집단지도교실2,토+일,9:00,18:00,0:00,0:00,Y,1,(시간당)5000원,,,16,,경기도 군포시 번영로 331-1,,,37.34559177,126.9230987,2023-11-30
군포시가야종합사회복지관 경로식당,토+일,9:00,18:00,0:00,0:00,Y,1,(시간당)10000원,,,80,,경기도 군포시 번영로 331-1,,,37.34559177,126.9230987,2023-11-30
종합운동장 운동장,연중무휴,9:00,22:00,9:00,22:00,Y,4,(평일)70000원+(휴일)100000원,1,25000,15000,45289,강원특별자치도 삼척시 동해대로 4234,강원특별자치도 삼척시 교동 254,033-571-2763,37.45645804,129.1720971,2024-01-18
삼척체육관 실내체육관,연중무휴,9:00,22:00,9:00,22:00,Y,8,(평일)75000원+(휴일)100000원,1,125000,3000,3768,강원특별자치도 삼척시 동해대로 4234-1,강원특별자치도 삼척시 교동 243-13,033-571-2763,37.45645804,129.1720971,2024-01-18
종합운동장 족구장,연중무휴,9:00,22:00,9:00,22:00,Y,,,,,50,1836,강원특별자치도 삼척시 동해대로 4234-1,강원특별자치도 삼척시 교동 243-13,033-571-2768,37.45634596,129.1744452,2024-01-18
사직 풋살장,연중무휴,9:00,22:00,9:00,22:00,Y,,,,,50,1050,강원특별자치도 삼척시 중앙로 110-24,강원특별자치도 삼척시 사직동 261-10,033-571-2768,37.43465509,129.1695942,2024-01-18
강동구 암사2동 자치회관 회의실(3층),공휴일,9:00,21:00,9:00,18:00,Y,1,5000,,,,,서울특별시 강동구 고덕로24길 49,서울특별시 강동구 암사동 474-6,,37.5523331,127.1357214,2023-08-18
강동구 암사2동 자치회관 제1강의실(3층),공휴일,9:00,21:00,9:00,18:00,Y,1,5000,,,,,서울특별시 강동구 상암로3길 28,서울특별시 강동구 암사동 503-8,,37.5517094,127.1272073,2023-08-18
강동구 암사3동 자치회관 다목적실1(4층),공휴일,9:00,21:00,9:00,18:00,N,,,,,,,서울특별시 강동구 상암로3길 28,서울특별시 강동구 암사동 503-8,,37.5517094,127.1272073,2023-08-18
강동구 암사3동 자치회관 다목적실2(4층),공휴일,9:00,21:00,9:00,18:00,N,,,,,,,서울특별시 강동구 상암로3길 28,서울특별시 강동구 암사동 503-8,,37.5517094,127.1272073,2023-08-18
강동구 암사3동 자치회관 회의실(3층),공휴일,9:00,21:00,9:00,18:00,N,,,,,,,서울특별시 강동구 고덕로 137,서울특별시 강동구 암사동 414-19,,37.5549581,127.1407803,2023-08-18
강동구 암사3동 자치회관 강당(5층),공휴일,9:00,21:00,9:00,18:00,N,,,,,,,서울특별시 강동구 고덕로 137,서울특별시 강동구 암사동 414-19,,37.5549581,127.1407803,2023-08-18
강동구 천호1동  자치회관 회의실(2층),공휴일,9:00,21:00,9:00,18:00,N,,,,,,,서울특별시 강동구 고덕로 137,서울특별시 강동구 암사동 414-19,,37.5549581,127.1407803,2023-08-18
강동구 천호1동 자치회관 다목적실(3층),공휴일,9:00,21:00,9:00,18:00,N,,,,,,,서울특별시 강동구 구천면로42길 59,서울특별시 강동구 천호동 76-2,,37.54502087,127.1367917,2023-08-18
강동구 천호2동 주민센터 회의실(3층),공휴일,9:00,21:00,9:00,18:00,Y,1,5000,,,,,서울특별시 강동구 구천면로42길 59,서울특별시 강동구 천호동 76-2,,37.54502087,127.1367917,2023-08-18
강동구 천호2동 제1자치회관 다목적실(4층),공휴일,9:00,21:00,9:00,18:00,Y,1,5000,,,,,서울특별시 강동구 올림픽로 698,서울특별시 강동구 천호동 358,,37.5434227,127.1254198,2023-08-18
강동구 천호3동 자치회관 회의실(17층),공휴일,9:00,21:00,9:00,18:00,N,,,,,,,서울특별시 강동구 천호대로 1089,서울특별시 강동구 천호동 447-17,,37.53660488,127.1331156,2023-08-18
강동구 성내1동 제1강의실(3층),공휴일,9:00,21:00,9:00,18:00,N,,,,,,,서울특별시 강동구 진황도로23길 7,서울특별시 강동구 천호동 555,,37.54004284,127.1297914,2023-08-18
강동구 성내1동 제2강의실(3층),공휴일,9:00,21:00,9:00,18:00,N,,,,,,,서울특별시 강동구 성내로 13,서울특별시 강동구 성내동 539-1,,37.53047772,127.1224424,2023-08-18
강동구 성내2동 자치회관 다목적실(3층),공휴일,9:00,21:00,9:00,18:00,Y,1,5000,,,,,서울특별시 강동구 성내로 13,서울특별시 강동구 성내동 539-1,,37.53047772,127.1224424,2023-08-18
강동구 성내2동 자치회관 새별실(지하1층),공휴일,9:00,21:00,9:00,18:00,Y,1,5000,,,,,서울특별시 강동구 풍성로37가길 62,서울특별시 강동구 성내동 508,,37.53243047,127.1295279,2023-08-18
고양리틀야구장,연중무휴,8:00,20:00,8:00,20:00,Y,3,57000,3,57000,50,25163,경기도 고양시 일산서구 중앙로 1601(대화동),경기도 고양시 일산서구 대화동 2320,031-929-4862,37.67642241,126.7430639,2023-12-22
성저테니스장,설날 연휴+추석 연휴,6:00,22:00,6:00,22:00,Y,2,6600,2,6600,16,3050,경기도 고양시 일산서구 중앙로 1601(대화동),경기도 고양시 일산서구 대화동 2320,031-929-4862,37.67642241,126.7430639,2023-12-22
노래하는분수대 광장,연중무휴,0:00,23:59,0:00,23:59,N,,,,,,51700,경기도 고양시 일산동구 호수로731(장항동),경기도 고양시 일산동구 장항동 906,031-924-5822,37.66444706,126.7604422,2023-12-22
고양문화의집 2층 영화관람실,일+법정 공휴일,10:00,18:00,10:00,18:00,N,,,,,4,,경기도 고양시 일산서구 산현로 99,경기도 고양시 일산서구 탄현동 1590,031-911-2500,37.69232358,126.7722764,2023-12-22
발연2리(공원)야외운동기구,연중무휴,0:00,23:59,0:00,23:59,N,,,,,,,,충청남도 예산군 예산읍 발연리 94-1,041-339-8981,36.6965559,126.8355751,2023-12-21
인천광역시 송도LNG종합스포츠타운 [축구]보조경기장,설연휴+추석연휴,8:00,18:00,8:00,23:59,Y,2,(평일) 100000원+(주말) 150000원,,,600,8029,인천광역시 연수구 인천신항대로 916,인천광역시 연수구 송도동 379,032-815-5321,37.3513403,126.61573,2023-10-31
인천광역시 송도LNG종합스포츠타운 [축구]풋살장(2면),설연휴+추석연휴,8:00,18:00,8:00,23:59,Y,2,(평일) 40000원+(주말) 60000원,,,242,1620,인천광역시 연수구 인천신항대로 916,인천광역시 연수구 송도동 379,032-815-5321,37.3513403,126.61573,2023-10-31
인천광역시 송도LNG종합스포츠타운 [야구]실내연습장,설연휴+추석연휴,8:00,22:00,8:00,23:59,Y,2,(평일) 140000원+(주말) 210000원,,,760,3512,인천광역시 연수구 인천신항대로 916,인천광역시 연수구 송도동 379,032-815-5321,37.3513403,126.61573,2023-10-31
인천광역시 송도LNG종합스포츠타운 [야구]주경기장,설연휴+추석연휴,7:00,23:00,7:00,23:00,Y,3,(평일) 120000원+(주말) 180000원,,,688,12411,인천광역시 연수구 인천신항대로 916,인천광역시 연수구 송도동 379,032-815-5321,37.3513403,126.61573,2023-10-31
인천광역시 송도LNG종합스포츠타운 [야구]보조경기장,설연휴+추석연휴,7:00,18:00,7:00,18:00,Y,3,(평일) 110000원+(주말) 160000원,,,688,12411,인천광역시 연수구 인천신항대로 916,인천광역시 연수구 송도동 379,032-815-5321,37.3513403,126.61573,2023-10-31
인천광역시 송도LNG종합스포츠타운 [야구]송도구장,설연휴+추석연휴,7:00,18:00,7:00,18:00,Y,3,(평일) 80000원+(주말) 120000원,,,1179,10163,인천광역시 연수구 인천신항대로 916,인천광역시 연수구 송도동 379,032-815-5321,37.3513403,126.61573,2023-10-31
인천광역시 송도LNG종합스포츠타운 [야구]LNG구장(6면),설연휴+추석연휴,7:00,18:00,7:00,18:00,Y,3,(평일) 80000원+(주말) 120000원,,,7077,60983,인천광역시 연수구 인천신항대로 916,인천광역시 연수구 송도동 379,032-815-5321,37.3513403,126.61573,2023-10-31
인천광역시 수봉궁도장 기타,설연휴+추석연휴,9:00,18:00,9:00,17:00,Y,2,1400원,2,1400,100,7250,인천광역시 미추홀구 수봉로 95번길 32,인천광역시 미추홀구 숭의동 7-171,032-715-5618,37.460025,126.661411,2023-10-31
이천시 설봉공원 테니스장,설연휴+추석연휴,6:00,22:00,9:00,22:00,N,,,,,,4144,경기도 이천시 경충대로2709번길 128,,031-631-7400,37.27945718,127.4275554,2024-01-23
이천시 설봉공원 국궁장,연중무휴,0:00,23:59,0:00,23:59,N,,,,,,5400,경기도 이천시 경충대로2709번길 128,,031-645-3847,37.27945718,127.4275554,2024-01-23
이천시 설봉공원 족구장,연중무휴,0:00,23:59,0:00,23:59,N,,,,,,1004,경기도 이천시 경충대로2709번길 128,,031-645-3847,37.27945718,127.4275554,2024-01-23
이천시 호법면 농어민문화체육센터,설연휴+추석연휴,9:00,22:00,9:00,22:00,Y,,평일120000+주말150000,0,,,640,경기도 이천시 호법면 동산로395번길 139-38,,031-632-9001,37.21554661,127.4073168,2024-01-23
마장면 체육공원 다목적 실내체육관,설연휴+추석연휴,9:00,22:00,9:00,22:00,Y,2,평일주간20000+평일야간25000+주말주간30000+주말야간35000+체육경기외14000,1,,100,879,경기도 이천시 마장면 서이천로 200,경기도 이천시 마장면 이치리 686,031-644-8573,37.25301402,127.3788779,2024-01-23
해밀동 복합커뮤니티센터 GX룸,법정공휴일,9:00,22:00,9:00,18:00,Y,1,5720,,,,,세종특별자치시 해밀1로 45,,044-301-7415,36.52680088,127.2682438,2023-11-15
반곡동 복합커뮤니티센터 배드민턴,법정공휴일,9:00,22:00,9:00,18:00,Y,2,2000,,,,,세종특별자치시 반곡로 39,세종특별자치시 반곡동 45-8,044-301-7314,36.49885164,127.3108242,2023-11-15
어진동 복합커뮤니티센터 배드민턴,공휴일,9:00,22:00,0:00,0:00,Y,2,2000,,,,,,세종특별자치시 어진동 518,044-301-7514,36.50190569,127.2566165,2023-11-15
해남공룡박물관,월,9:00,18:00,9:00,18:00,Y,2,4000,1,0,,332610,전라남도 해남군 황산면 공룡박물관길 234,전라남도 해남군 황산면 우항리 191,061-530-5942,34.58908885,126.442833,2023-07-06
땅끝전망대,연중무휴,9:00,18:00,9:00,18:00,N,0,0,1,0,,645100,전라남도 해남군 송지면 땅끝마을길 100,전라남도 해남군 송지면 송호리 1158-5,061-530-5544,34.29471348,126.5250233,2023-07-06
우수영관광지해전사기념관,연중무휴,9:00,18:00,9:00,18:00,N,0,0,1,0,,29195,전라남도 해남군 문내면 관광레저로 12,전라남도 해남군 문내면 학동리 1021,061-530-5541,34.57264891,126.310144,2023-07-06
고산윤선도박물관,연중무휴,9:00,18:00,9:00,18:00,Y,2,1000,1,0,,1830,전라남도 해남군 해남읍 녹우당길 135,전라남도 해남군 해남읍 연동리 82,061-530-5548,34.55101668,126.6219247,2023-07-06
군포시보훈회관 107호 회의실,토+일,9:00,18:00,0:00,0:00,N,,,,,65,,경기도 군포시 산본천로 111 (산본동),,,37.36476082,126.9335779,2023-11-30
군포시보훈회관 106호 회의실,토+일,9:00,18:00,0:00,0:00,N,,,,,45,,경기도 군포시 산본천로 111 (산본동),,,37.36476082,126.9335779,2023-11-30
군포시보훈회관 민방위교육장(미디어상영관),토+일,9:00,18:00,0:00,0:00,N,,,,,320,,경기도 군포시 산본천로 111 (산본동),,,37.36476082,126.9335779,2023-11-30
군포시미디어센터 미디어소통방,월+일,9:00,18:00,0:00,0:00,N,,무료,,,7,,경기도 군포시 산본천로 111 (산본동),,,37.36476082,126.9335779,2023-11-30
군포시주몽종합사회복지관 지식나눔방1,토+일,9:00,18:00,0:00,0:00,Y,1,(시간당)5000원,,,15,,경기도 군포시 광정로 122,,,37.36287917,126.9273867,2023-11-30
군포시주몽종합사회복지관 지식나눔방3,토+일,9:00,18:00,0:00,0:00,Y,1,(시간당)5000원,,,16,,경기도 군포시 광정로 122,,,37.36287917,126.9273867,2023-11-30
군포시주몽종합사회복지관 소강당,토+일,9:00,18:00,0:00,0:00,Y,1,(시간당)5000원,,,20,,경기도 군포시 광정로 122,,,37.36287917,126.9273867,2023-11-30
군포시가야종합사회복지관 통합교육실,토+일,9:00,18:00,0:00,0:00,Y,1,(시간당)5000원,,,15,,경기도 군포시 번영로 331-1,,,37.34559177,126.9230987,2023-11-30
한솔동 축구장,연중무휴(월~금 학교 사용으로 인해 주말만 사용가능),9:00,22:00,9:00,18:00,Y,2,20000,1,,,7000,,세종특별자치시 한솔동 1246,044-301-3314,36.47759581,127.2547256,2023-11-15
한솔동 복합커뮤니티센터 수영장,첫째 주 일+셋째 주 일,6:00,20:50,9:00,17:00,Y,2,3000,,,,1744,세종특별자치시 나리로57-26,세종특별자치시 한솔동 961,044-865-9501,36.47750943,127.2558204,2023-11-15
보람동 복합커뮤니티센터 수영장,첫째 주 일+셋째 주 일,6:00,22:00,6:00,17:00,Y,2,3000,,,,2246,세종특별자치시 호려울로42,세종특별자치시 보람동 763,044-850-1280,36.47877461,127.2906141,2023-11-15
아름동스포츠센터,둘째 주 일+넷째 주 일,6:00,20:50,9:00,17:00,Y,2,3000,,,,4460,세종특별자치시 보듬3로 126,세종특별자치시 아름동 1324,044-868-8707,36.51223994,127.2457102,2023-11-15
장애인형 국민체육센터,둘째 주 일+넷째 주 일,6:00,22:00,6:00,17:00,Y,2,3000,,,,4946,세종특별자치시 시청대로 591,세종특별자치시 반곡동 67-1,044-850-4280,36.49466513,127.3192565,2023-11-15
조치원 복합커뮤니티센터 수영장,첫째 주 일+셋째 주 일,6:00,22:00,6:00,17:00,Y,2,3000,,,,1363,세종특별자치시 대첩로76,세종특별자치시 신흥리 277-1,044-850-4290,36.5954854,127.2875297,2023-11-15
조치원읍 복합커뮤니티센터 다목적실,법정공휴일,9:00,18:00,9:00,18:00,Y,1,주중 오전 3050+주중 오후 3830+주중 야간 4510+ 주말 오전 4230+주말 오후,,,50,98.44,세종특별자치시 조치원읍 대첩로 76,,044-301-5067,36.59556626,127.2880165,2023-11-15
도담동 복합커뮤니티센터 다목적실,법정공휴일,9:00,22:00,9:00,18:00,Y,1,주중 오전 5690+주중 오후 7160+주중 야간 8440+주말 오전 7890+주말 오후 ,,,145,183.6,세종특별자치시 보람로 77,,044-301-6219,36.51540672,127.2617472,2023-11-15
아름동 복합커뮤니티센터 다목적강당,법정공휴일,9:00,22:00,9:00,18:00,Y,1,주중 오전 19100+주중 오후 24100+주중 야간 28400+주말 오전 26600+주말,,,418,619.35,세종특별자치시 보듬3로 114,,044-301-6344,36.51235285,127.2468894,2023-11-15
종촌동 복합커뮤니티센터 다목적실,법정공휴일,9:00,22:00,9:00,18:00,Y,1,주중 오전 5487+주중 오후 6903+주중 야간 8142+주말 오전 7611+주말 오후 ,,,30,177,세종특별자치시 도움3로 125,,044-301-6415,36.5046354,127.2468694,2023-11-15
고운동 복합커뮤니티센터 다목적실,법정공휴일,9:00,22:00,9:00,18:00,Y,1,주중 오전 2350+주중 오후 2960+주중 야간 3490+주말 오전 3260+주말 오후 ,,,20,76,세종특별자치시 마음로 284,,044-301-6614,36.51972353,127.2365878,2023-11-15
새롬동 복합커뮤니티센터 댄스교실,법정공휴일,9:00,22:00,9:00,18:00,Y,1,주중 오전 6130+주중 오후 7720+주중 야간 9100+주말 오전 8510+주말 오후 ,,,50,198,,세종특별자치시 새롬동 341-72,044-301-6819,36.48511097,127.2518155,2023-11-15
보람동 복합커뮤니티센터 다목적 강당,법정공휴일,9:00,22:00,9:00,18:00,Y,1,주중 오전 8700+주중 오후 10900+주중 야간 12900+주말 오전 12100+주말 ,,,88,281.79,세종특별자치시 호려울로 42,,044-301-6716,36.47877461,127.2906144,2023-11-15
소담동 복합커뮤니티센터 다목적홀,법정공휴일,9:00,22:00,9:00,18:00,Y,1,주중 오전 13237+주중 오후 16653+주중 야간 19642+주말 오전 18361+주말,,,100,427,세종특별자치시 한누리대로 2023,,044-301-7016,36.48407449,127.3003697,2023-11-15
다정동 주민센터 생활체육교실,법정공휴일,10:00,22:00,9:00,18:00,Y,1,4860,,,,,세종특별자치시 다정남3로 10,,044-301-7122,36.49452387,127.2503429,2023-11-15
대평동 복합커뮤니티센터 GX룸,법정공휴일,9:00,22:00,9:00,18:00,Y,1,주중 오전 3930+ 주중 오후 4940+주말 오전 5450+주말 오후 6840,,,50,140,세종특별자치시 대평1길 10,,044-301-6920,36.47096178,127.2792,2023-11-15
광정동청소년문화의집 청소년운영위원회실,월,9:00,21:00,9:00,18:00,N,,무료,,,5,,경기도 군포시 광정로 106 (산본동),,,37.36208607,126.927942,2023-11-30
광정동청소년문화의집 홀(A),월,9:00,21:00,9:00,18:00,N,,무료,,,80,,경기도 군포시 광정로 106 (산본동),,,37.36208607,126.927942,2023-11-30
광정동청소년문화의집 홀무대(B),월,9:00,21:00,9:00,18:00,N,,무료,,,20,,경기도 군포시 광정로 106 (산본동),,,37.36208607,126.927942,2023-11-30
광정동청소년문화의집 홀 전체(A+B),월,9:00,21:00,9:00,18:00,N,,무료,,,100,,경기도 군포시 광정로 106 (산본동),,,37.36208607,126.927942,2023-11-30
광정동청소년문화의집 스낵룸,월,9:00,21:00,9:00,18:00,N,,무료,,,10,,경기도 군포시 광정로 106 (산본동),,,37.36208607,126.927942,2023-11-30
광정동청소년문화의집 노래방(광정동청소년문화의집),월,9:00,21:00,9:00,18:00,N,,무료,,,6,,경기도 군포시 광정로 106 (산본동),,,37.36208607,126.927942,2023-11-30
원천3리 야외운동기구,연중무휴,0:00,23:59,0:00,23:59,N,,,,,,,충청남도 예산군 오가면 원천남길 28,,041-339-8992,36.69596363,126.7881832,2023-12-21
광정동청소년문화의집 멀티방/상담실,월,9:00,21:00,9:00,18:00,N,,무료,,,4,,경기도 군포시 광정로 106 (산본동),,,37.36208607,126.927942,2023-11-30
당동청소년문화의집 강의실,월,9:00,21:00,9:00,18:00,N,,무료,,,8,,경기도 군포시 당산로 76,,,37.3583048,126.9462007,2023-11-30
당동청소년문화의집 공연연습실,월,9:00,21:00,9:00,18:00,N,,무료,,,20,,경기도 군포시 당산로 76,,,37.3583048,126.9462007,2023-11-30
당동청소년문화의집 미니문고,월,9:00,21:00,9:00,18:00,N,,무료,,,5,,경기도 군포시 당산로 76,,,37.3583048,126.9462007,2023-11-30
당동청소년문화의집 노래방(당동청소년문화의집),월,9:00,21:00,9:00,18:00,N,,무료,,,10,,경기도 군포시 당산로 76,,,37.3583048,126.9462007,2023-11-30
당동청소년문화의집 음악연습실,월,9:00,21:00,9:00,18:00,N,,무료,,,5,,경기도 군포시 당산로 76,,,37.3583048,126.9462007,2023-11-30
당동청소년문화의집 댄스연습실,월,9:00,21:00,9:00,18:00,N,,무료,,,20,,경기도 군포시 당산로 76,,,37.3583048,126.9462007,2023-11-30
당동청소년문화의집 아지트,월,9:00,21:00,9:00,18:00,N,,무료,,,5,,경기도 군포시 당산로 76,,,37.3583048,126.9462007,2023-11-30
당동청소년문화의집 청소년운영위원실,월,9:00,21:00,9:00,18:00,N,,무료,,,20,,경기도 군포시 당산로 76,,,37.3583048,126.9462007,2023-11-30
당동청소년문화의집 1인 미디어실,월,9:00,21:00,9:00,18:00,N,,무료,,,5,,경기도 군포시 당산로 76,,,37.3583048,126.9462007,2023-11-30
당동청소년문화의집 다목적실(당동청소년문화의집),월,9:00,21:00,9:00,18:00,N,,무료,,,30,,경기도 군포시 당산로 76,,,37.3583048,126.9462007,2023-11-30
군포시청소년수련관 청소년 어울림 극장,일,9:00,21:00,9:00,21:00,Y,1,(평일 9시~12시)50000원+(토요일 9시~12시)60000원+(평일 4시~17시)60,,,180,,경기도 군포시 산본로 322 (금정동),,,37.35982376,126.9347608,2023-11-30
군포시청소년수련관 동아리실 하눌타리,일,9:00,21:00,9:00,18:00,N,,무료,,,15,,경기도 군포시 산본로 322 (금정동),,,37.35982376,126.9347608,2023-11-30
군포문화원 다목적실(군포문화원),토+일,9:00,18:00,0:00,0:00,Y,2,(2시간당)100000원,,,60,,경기도 군포시 한세로56번길 12 (당정동),,,37.34722585,126.9548318,2023-11-30
서초2동주민센터 문화교실 3,수요일+토요일+일요일+공휴일,9:00,18:00,0:00,0:00,N,,,,,15,49,서울특별시 서초구 서초대로70길 51,,02-2155-7446,37.492069,127.024948,2023-12-06
수리산상상마을 대강당 오디토리움,일,9:00,20:30,9:00,17:00,Y,1,(평일 시간당)20000원+(토요일 시간당)24000원,,,80,,경기도 군포시 수리산로 112 (산본동),,,37.35921675,126.9194206,2023-11-30
중앙도서관 오픈갤러리,금,9:00,18:00,9:00,18:00,N,,무료,,,20,,경기도 군포시 수리산로 79 (산본동),,,37.35532434,126.9157245,2023-11-30
군포산업진흥원 교육훈련실,토+일,9:00,18:00,0:00,0:00,N,,무료,,,12,,경기도 군포시 군포첨단산업2로22번길 5 (부곡동),,,37.32569678,126.9429153,2023-11-30
산본1동마을커뮤니티센터 회의실,토+일,9:00,18:00,0:00,0:00,N,,무료,,,45,,경기도 군포시 산본천로 207 (산본동),,,37.37109729,126.940336,2023-11-30
산본1동마을커뮤니티센터 교육실,토+일,9:00,18:00,0:00,0:00,N,,무료,,,20,,경기도 군포시 산본천로 207 (산본동),,,37.37109729,126.940336,2023-11-30
산본1동마을커뮤니티센터 연습실,토+일,9:00,18:00,0:00,0:00,N,,무료,,,20,,경기도 군포시 산본천로 207 (산본동),,,37.37109729,126.940336,2023-11-30
산1틴터 오픈룸1,월+일,10:00,19:00,10:00,19:00,N,,무료,,,8,,경기도 군포시 산본천로 207 (산본동),,,37.37109729,126.940336,2023-11-30
산1틴터 오픈룸2,월+일,10:00,19:00,10:00,19:00,N,,무료,,,8,,경기도 군포시 산본천로 207 (산본동),,,37.37109729,126.940336,2023-11-30
부곡틴터 생기충전,월+일,10:00,19:00,10:00,19:00,N,,무료,,,6,,경기도 군포시 군포첨단산업2로 13,,,37.32664758,126.941678,2023-11-30
부곡틴터 활력충전,월+일,10:00,19:00,10:00,19:00,N,,무료,,,10,,경기도 군포시 군포첨단산업2로 13,,,37.32664758,126.941678,2023-11-30
부곡틴터 홀,월+일,10:00,19:00,10:00,19:00,N,,무료,,,16,,경기도 군포시 군포첨단산업2로 13,,,37.32664758,126.941678,2023-11-30
궁내동주민센터 주민소통방,토+일,9:00,18:00,0:00,0:00,N,,무료,,,6,,경기도 군포시 고산로517번길 10 (산본동),,,37.35965817,126.9218479,2023-11-30
군포시평생학습원 304호 동아리실(우리동네 학습공간),월+화+수+금+일,9:00,18:00,9:00,18:00,N,,무료,,,24,,경기도 군포시 고산로 263,,,37.34634696,126.94308,2023-11-30
광정동주민커뮤니티센터 주민커뮤니티센터 회의실,토+일,9:00,18:00,0:00,0:00,N,,무료,,,40,,경기도 군포시 광정로 106 (산본동),,,37.36208607,126.927942,2023-11-30
광정동주민커뮤니티센터 커뮤니티센터 지음샘(프로그램1),토+일,9:00,18:00,0:00,0:00,N,,무료,,,10,,경기도 군포시 광정로 106 (산본동),,,37.36208607,126.927942,2023-11-30
광정동주민커뮤니티센터 커뮤니티센터 슬기샘(프로그램2),토+일,9:00,18:00,0:00,0:00,N,,무료,,,20,,경기도 군포시 광정로 106 (산본동),,,37.36208607,126.927942,2023-11-30
광정동주민커뮤니티센터 커뮤니티센터 지음생+슬기샘,토+일,9:00,18:00,0:00,0:00,N,,무료,,,30,,경기도 군포시 광정로 106 (산본동),,,37.36208607,126.927942,2023-11-30
광정동주민커뮤니티센터 커뮤니티센터 커뮤니티실,토+일,9:00,18:00,0:00,0:00,N,,무료,,,12,,경기도 군포시 광정로 106 (산본동),,,37.36208607,126.927942,2023-11-30
광정동청소년문화의집 댄스실,월,9:00,21:00,9:00,18:00,N,,무료,,,10,,경기도 군포시 광정로 106 (산본동),,,37.36208607,126.927942,2023-11-30
광정동청소년문화의집 연극연습실,월,9:00,21:00,9:00,18:00,N,,무료,,,8,,경기도 군포시 광정로 106 (산본동),,,37.36208607,126.927942,2023-11-30
서초2동주민센터 문화교실 2,수요일+토요일+일요일+공휴일,9:00,18:00,0:00,0:00,N,,,,,15,94,서울특별시 서초구 서초대로70길 51,,02-2155-7446,37.492069,127.024948,2023-12-06
옥녀봉체육시설 축구장,설 연휴+추석 연휴,6:00,20:00,6:00,20:00,Y,2,40000,,,,8020,대전광역시 서구 도안북로 158(도안동),,042-582-3999,36.33173992,127.3448293,2024-02-26
옥녀봉체육시설 X-game장,설 연휴+추석 연휴,6:00,18:00,8:00,18:00,N,,,,,,2053,대전광역시 서구 도안북로 158(도안동),,042-582-3999,36.33173992,127.3448267,2024-02-26
옥녀봉체육시설 풋살경기장,설 연휴+추석 연휴,6:00,20:00,8:00,20:00,Y,1,20000,,,,1068,대전광역시 서구 도안북로 158(도안동),,042-582-3999,36.33173992,127.3448267,2024-02-26
옥녀봉체육시설 인공암벽,설 연휴+추석 연휴,6:00,18:00,8:00,18:00,N,,,,,,639,대전광역시 서구 도안북로 158(도안동),,042-582-3999,36.33173992,127.3448267,2024-02-26
옥녀봉체육시설 배드민턴장,설 연휴+추석 연휴,6:00,18:00,8:00,18:00,N,,,,,,286,대전광역시 서구 도안북로 158(도안동),,042-582-3999,36.33173992,127.3448267,2024-02-26
도마실국민체육센터 수영장,일+공휴일+설 연휴+추석 연휴,6:00,22:00,6:00,18:00,Y,,4300,,,,1009,대전광역시 서구 유등로 235(도마동),,042-582-5556,36.31242202,127.3852119,2024-02-26
"도마실국민체육센터(배드민턴, 탁구)",일+공휴일+설 연휴+추석 연휴,6:00,22:00,6:00,18:00,Y,2,2200,,,,981,대전광역시 서구 유등로 235(도마동),,042-582-5556,36.31242202,127.3852119,2024-02-26
남선공원종합체육관 빙상장,설 연휴+추석 연휴,10:00,17:45,10:00,18:45,Y,,7500,,,,1750,대전광역시 서구 남선로 66(탄방동),,042-488-5614,36.34623037,127.3979912,2024-02-26
남선공원종합체육관 헬스장,설 연휴+추석 연휴,6:00,22:45,10:00,18:45,Y,,50000,,,,355,대전광역시 서구 남선로 66(탄방동),,042-488-5614,36.34623037,127.3979912,2024-02-26
남선공원종합체육관 수영장,설 연휴+추석 연휴,6:00,22:00,10:00,18:45,Y,,4300,,,,1965,대전광역시 서구 남선로 66(탄방동),,042-488-5614,36.34623037,127.3979912,2024-02-26
남선공원종합체육관 골프연습장,설 연휴+추석 연휴,6:00,22:45,10:00,18:45,Y,,5000,,,,244,대전광역시 서구 남선로 66(탄방동),,042-488-5614,36.34623037,127.3979912,2024-02-26
남선공원종합체육관 골프연습장(가상장비활용),설 연휴+추석 연휴,6:00,22:45,10:00,18:45,Y,,12000,,,,244,대전광역시 서구 남선로 66(탄방동),,042-488-5614,36.34623037,127.3979912,2024-02-26
탄방탁구장,일+공휴일,8:00,22:00,10:00,20:00,Y,2,2200,,,,583,대전광역시 서구 계룡로629번길 63(탄방동),,0507-1350-867,36.341376,127.3946064,2024-02-26
인천광역시 남동구청 대강당,주말+공휴일,18:00,21:00,0:00,0:00,Y,1,80000,1,80000,510,554,인천광역시 남동구 소래로633,인천광역시 남동구 만수동 1008,032-453-2185,37.4473902,126.7306784,2024-02-26
인천광역시 남동구청 소강당,주말+공휴일,18:00,21:00,0:00,0:00,Y,1,50000,1,50000,100,376,인천광역시 남동구 소래로633,인천광역시 남동구 만수동 1008,032-453-2185,37.4473902,126.7306784,2024-02-26
청소년문화의집-밴드연습실,토+일+공휴일,9:00,13:00,0:00,0:00,N,2,,,,5,37.8,전라남도 순천시 명말1길 57,,061-749-3782,34.94226238,127.5215684,2024-01-10
백두대간생태교육장 전시실,월+1월1일+설 연휴+추석 연휴,10:00,17:00,10:00,17:00,Y,,(어른)2000원+(청소년)1000원+(어린이)500원,,,100,9908,경상남도 거창군 고제면 빼재로 2325,경상남도 거창군 고제면 개명리 2051-13,055-940-7495,35.867071,127.829181,2024-02-15
거창월성우주창의과학관 전시실,월+설 당일+추석 당일,9:30,17:30,9:30,17:30,Y,1.5,(개인 일반인)3000원+(개인 청소년 및 어린이)2000원+(단체 일반인)2500원+(단,0,0,90,449,경상남도 거창군 북상면 덕유월성로 1312-96,경상남도 거창군 북상면 월성리 1608,070-4693-5470,35.76120302,127.724,2024-02-15
거창군청소년수련관 한마당터,법정공휴일,9:00,18:00,10:00,18:00,Y,3,(평일)50000원+(주말)65000원+(냉난방기 사용시 추가)20000원,1,10000,100,262,경상남도 거창군 거창읍 교촌길 100-30,경상남도 거창군 거창읍 가지리 256,055-940-8700,35.692779,127.906408,2024-02-15
거창군청소년수련관 참배움터,법정공휴일,9:00,18:00,10:00,18:00,Y,2,(평일)20000원+(주말)26000원+(냉난방기 사용시 추가)20000원,1,10000,50,113,경상남도 거창군 거창읍 교촌길 100-30,경상남도 거창군 거창읍 가지리 256,055-940-8700,35.692779,127.906408,2024-02-15
순천만국가정원 습지센터 야외공연장,연중무휴,9:00,12:00,9:00,12:00,Y,3,15000,,,300,910,전라남도 순천시 국가정원1호길 47,,1577-2013,34.92888669,127.4999574,2024-01-10
순천만국가정원 습지센터 야외공연장,연중무휴,13:00,18:00,13:00,18:00,Y,5,20000,,,300,910,전라남도 순천시 국가정원1호길 47,,1577-2013,34.92888669,127.4999574,2024-01-10
순천만국가정원 동천 갯벌공연장,연중무휴,9:00,18:00,9:00,18:00,Y,8,180000,,,2000,5150,전라남도 순천시 국가정원1호길 47,,1577-2013,34.92888669,127.4999574,2024-01-10
순천만국가정원 동천 갯벌공연장,연중무휴,9:00,12:00,9:00,12:00,Y,3,75000,,,2000,5150,전라남도 순천시 국가정원1호길 47,,1577-2013,34.92888669,127.4999574,2024-01-10
순천만국가정원 동천 갯벌공연장,연중무휴,13:00,18:00,13:00,18:00,Y,5,110000,,,2000,5150,전라남도 순천시 국가정원1호길 47,,1577-2013,34.92888669,127.4999574,2024-01-10
순천만국가정원 갯지렁이 전시관,연중무휴,9:00,18:00,9:00,18:00,Y,8,72000,,,50,92,전라남도 순천시 국가정원1호길 47,,1577-2013,34.92888669,127.4999574,2024-01-10
몽미락센터 회의실,토+일+공휴일,9:00,18:00,0:00,0:00,N,3,,,,20,53.29,전라남도 순천시 대전머리길 108,,061-746-0346,34.94825371,127.4916655,2024-01-10
몽미락센터-공유주방3,토+일+공휴일,9:00,18:00,0:00,0:00,N,3,,,,20,81.2,전라남도 순천시 대전머리길 108,,061-746-0346,34.94825371,127.4916655,2024-01-10
몽미락센터-공유주방2,토+일+공휴일,9:00,18:00,0:00,0:00,N,3,,,,20,81.2,전라남도 순천시 대전머리길 108,,061-746-0346,34.94825371,127.4916655,2024-01-10
몽미락센터-공유주방1,토+일+공휴일,9:00,18:00,0:00,0:00,N,3,,,,20,81.2,전라남도 순천시 대전머리길 108,,061-746-0346,34.94825371,127.4916655,2024-01-10
장천 노랑극장 (연습실 2실),토+일+공휴일,9:00,18:00,0:00,0:00,N,3,,,,20,43,전라남도 순천시 장천6길 8,,061-746-0346,34.94735046,127.4900775,2024-01-10
장천 노랑극장,토+일+공휴일,9:00,18:00,0:00,0:00,N,3,,,,100,285,전라남도 순천시 장천6길 8,,061-746-0346,34.94735046,127.4900775,2024-01-10
저전동행정복지센터 저전 나눔터 회의실,연중무휴,10:00,21:00,10:00,21:00,N,3,,,,26,185,전라남도 순천시 장천6길 8,,061-746-0346,34.94735046,127.4900775,2024-01-10
저전동행정복지센터 저전 나눔터 전시실 전체전시,토+일+공휴일,9:00,21:00,0:00,0:00,N,3,,,,26,185,전라남도 순천시 장천6길 8,,061-749-8269,34.94735046,127.4900775,2024-01-10
장천파랑새창고 교육회의실(교육/회의),연중무휴,8:00,18:00,8:00,18:00,N,3,,,,50,232.2,전라남도 순천시 장천5길 35-7,,061-746-0346,34.94811367,127.4924816,2024-01-10
장천패랑새창고 전시행사실(전시/행사),연중무휴,8:00,18:00,8:00,18:00,N,3,,,,50,232.2,전라남도 순천시 장천5길 35-7,,061-746-0346,34.94811367,127.4924816,2024-01-10
청소년문화의집-다목적실,토+일+공휴일,9:00,13:00,0:00,0:00,N,2,,,,50,155.1,전라남도 순천시 명말1길 57,,061-749-3782,34.94226238,127.5215684,2024-01-10
청소년문화의집-댄스연습실2,토+일+공휴일,9:00,13:00,0:00,0:00,N,2,,,,6,21.12,전라남도 순천시 명말1길 57,,061-749-3782,34.94226238,127.5215684,2024-01-10
청소년문화의집-댄스연습실1,토+일+공휴일,9:00,13:00,0:00,0:00,N,2,,,,10,36.61,전라남도 순천시 명말1길 57,,061-749-3782,34.94226238,127.5215684,2024-01-10
문수힐링피크닉장,"매주 월요일, 1월 1일, 설·추석 당일",11:00,22:00,11:00,22:00,Y,,10000,,,,,울산광역시 남구 옥동 852,울산광역시 남구 옥동 852,052-223-0222,35.53350327,129.269925,2019-10-02
회의실,법정공휴일,9:00,21:00,9:00,17:00,Y,2,"20,000원",1,10000,20,45.56,서울특별시 도봉구 방학로3길 117,,02-2091-5528,37.6580211,127.0387508,2019-06-28
희망누리,법정공휴일,10:00,22:00,0:00,0:00,Y,3,"5,000원",1,1500,12,20,서울특별시 도봉구 덕릉로 329,,02-993-3222,37.6448368,127.0454579,2019-06-28
강당,법정공휴일,10:00,20:00,0:00,0:00,Y,3,"25,000원",1,8000,80,80,서울특별시 도봉구 덕릉로 329,,02-993-3222,37.6448368,127.0454579,2019-06-28
주민사랑방,법정공휴일,9:00,21:00,10:00,18:00,Y,0,0,0,0,10,6.6,서울특별시 도봉구 시루봉로 62-7,,02-2091-5586,37.6564188,127.0283688,2019-06-28
강당,법정공휴일,9:00,21:00,10:00,18:00,Y,2,"25,000원",1,12500,50,100,서울특별시 도봉구 노해로44길 9,,02-2091-5554,37.6489437,127.0279086,2019-06-28
도봉구 화음 카페,법정공휴일,9:00,18:00,0:00,0:00,Y,1,1인 1음료,,,15,13.22,서울특별시 도봉구 마들로 656,,070-4251-4264,37.6686287,127.0470496,2019-06-28
3층 대강당,법정공휴일,9:00,21:00,10:00,18:00,Y,1,"5,000원",1,2500,50,224.64,서울특별시 도봉구 노해로 147,,02-2091-5504,37.6479992,127.0260364,2019-06-28
다목적강좌실,법정공휴일,9:00,21:00,9:00,17:00,Y,2,"20,000원",1,10000,100,180.95,서울특별시 도봉구 방학로3길 117,,02-2091-5528,37.6580211,127.0387508,2019-06-28
2층 회의실,법정공휴일,9:00,21:00,10:00,18:00,Y,2,"25,000원",1,12500,30,50,서울특별시 도봉구 노해로44길 9,,02-2091-5554,37.6489437,127.0279086,2019-06-28
2층 회의실,법정공휴일,9:00,21:00,10:00,18:00,Y,1,"5,000원",1,2500,30,90.72,서울특별시 도봉구 노해로 147,,02-2091-5504,37.6479992,127.0260364,2019-06-28
순천만국가정원 습지센터 소회의실 5(1층),연중무휴,9:00,18:00,0:00,23:59,Y,2,15000,1,10000,15,26,전라남도 순천시 국가정원1호길 47,,1577-2013,34.92888669,127.4999574,2024-01-10
순천만국가정원 습지센터 소회의실 5(1층),연중무휴,0:00,23:59,9:00,18:00,Y,2,20000,1,10000,15,26,전라남도 순천시 국가정원1호길 47,,1577-2013,34.92888669,127.4999574,2024-01-10
순천만국가정원 습지센터 입체영상관,연중무휴,9:00,18:00,9:00,18:00,Y,3,100000,,,180,470,전라남도 순천시 국가정원1호길 47,,1577-2013,34.92888669,127.4999574,2024-01-10
순천만국가정원 습지센터 정원연회장,연중무휴,9:00,18:00,9:00,18:00,Y,3,100000,,,220,208,전라남도 순천시 국가정원1호길 47,,1577-2013,34.92888669,127.4999574,2024-01-10
순천만국가정원 동문 소회의실3,연중무휴,9:00,18:00,0:00,23:59,Y,2,70000,1,10000,70,147,전라남도 순천시 국가정원1호길 47,,1577-2013,34.92888669,127.4999574,2024-01-10
순천만국가정원 동문 소회의실3,연중무휴,0:00,23:59,9:00,18:00,Y,2,110000,1,10000,70,147,전라남도 순천시 국가정원1호길 47,,1577-2013,34.92888669,127.4999574,2024-01-10
순천문화예술회관 대극장,연중무휴,8:00,22:00,8:00,22:00,Y,8,600000,,,914,6506,전라남도 순천시 삼산로16,,061-749-8612,34.9705296,127.4852768,2024-01-10
순천만국가정원 동문 소회의실4,연중무휴,9:00,18:00,9:00,18:00,Y,2,40000,1,10000,30,80,전라남도 순천시 국가정원1호길 47,,1577-2013,34.92888669,127.4999574,2024-01-10
순천만국가정원 동문 소회의실4,연중무휴,0:00,23:59,9:00,18:00,Y,2,60000,1,10000,30,80,전라남도 순천시 국가정원1호길 47,,1577-2013,34.92888669,127.4999574,2024-01-10
순천만국가정원 습지센터 야외공연장,연중무휴,9:00,18:00,9:00,18:00,Y,8,35000,,,300,910,전라남도 순천시 국가정원1호길 47,,1577-2013,34.92888669,127.4999574,2024-01-10
고양어울림누리 극장,월,9:00,0:00,9:00,0:00,Y,,,,,1290,,경기도 고양시 덕양구 어울림로 33,경기도 고양시 덕양구 성사동 826,031-960-9752,37.64905648,126.835368,2023-12-22
순천만국가정원 습지센터 소회의실 2(2층),연중무휴,0:00,23:59,9:00,18:00,Y,2,40000,1,10000,15,54,전라남도 순천시 국가정원1호길 47,,1577-2013,34.92888669,127.4999574,2024-01-10
서구청소년수련관 청소년동아리방,일+공휴일,6:00,21:00,7:00,17:00,Y,4,50000,1,12500,30,25.8,대구광역시 서구 문화로 122,대구광역시 서구 이현동 48-8,053-572-2451,35.87363628,128.545478,2024-02-21
서구청소년수련관 강의실(소),일+공휴일,6:00,21:00,7:00,17:00,Y,4,20000,1,5000,10,39.6,대구광역시 서구 문화로 122,대구광역시 서구 이현동 48-8,053-572-2451,35.87361826,128.545478,2024-02-21
서구청소년수련관 강의실(대),일+공휴일,6:00,21:00,7:00,17:00,Y,4,30000,1,7500,10,110.9,대구광역시 서구 문화로 122,대구광역시 서구 이현동 48-8,053-572-2451,35.8736296,128.545478,2024-02-21
서구비원뮤직홀 주차장,연중무휴,18:00,9:00,0:00,23:59,N,,,,,,,대구광역시 서구 달서천로 374,대구광역시 서구 원대동1가 633,053-663-3681,35.8830502,128.5745835,2024-02-21
서구비원뮤직홀 공연장,공휴일,9:00,22:00,9:00,22:00,Y,,30000,,,,,대구광역시 서구 달서천로 374,대구광역시 서구 원대동1가 633,053-663-3681,35.8830502,128.5745835,2024-02-21
서구비원뮤직홀 연습실,공휴일,9:00,22:00,9:00,22:00,Y,,30000,,,,,대구광역시 서구 달서천로 374,대구광역시 서구 원대동1가 633,053-663-3681,35.8830502,128.5745835,2024-02-21
중화문화복지센터 강당,토+일,10:00,16:00,0:00,0:00,Y,2,10000원,1,5000,40,85,서울특별시 중랑구 중랑역로3길 28,서울특별시 중랑구 중화동 321-37,02-2094-6373,37.59501969,127.0748913,2024-01-30
중화1동주민센터 생활체육실,일,9:00,21:00,9:00,17:00,Y,2,10000원,1,5000,30,80,서울특별시 중랑구 동일로134길 17,서울특별시 중랑구 중화동 287-3,02-2094-6333,37.601132,127.080648,2024-01-30
중화1동주민센터 대회의실,일,9:00,21:00,9:00,17:00,Y,2,10000원,1,5000,15,38,서울특별시 중랑구 동일로134길 17,서울특별시 중랑구 중화동 287-3,02-2094-6333,37.601132,127.080648,2024-01-30
신내2동주민센터 대회의실,일,9:00,21:00,10:00,14:00,Y,2,10000원,1,5000,40,140,서울특별시 중랑구 봉화산로 190,서울특별시 중랑구 신내동 665,02-2094-6628,37.606228,127.094147,2024-01-30
신내2동주민센터 북카페 회의실,일,10:00,18:00,10:00,14:00,Y,2,10000원,1,5000,15,35,서울특별시 중랑구 봉화산로 190,서울특별시 중랑구 신내동 665,02-2094-6628,37.606228,127.094147,2024-01-30
신내1동주민센터 강당,토+일,9:00,21:00,0:00,0:00,Y,3,10000원,1,5000,50,180,서울특별시 중랑구 용마산로129나길 35,서울특별시 중랑구 신내동 448-1,02-2094-6573,37.605854,127.0995038,2024-01-30
신내1동주민센터 회의실,토+일,9:00,21:00,0:00,0:00,Y,3,10000원,1,5000,20,65,서울특별시 중랑구 용마산로129나길 35,서울특별시 중랑구 신내동 448-1,02-2094-6573,37.605854,127.0995038,2024-01-30
군포시생활문화센터 밴드연습실,일,9:00,21:00,10:00,18:00,Y,1,(시간당)5000원,,,7,,경기도 군포시 수리산로 112 (산본동),,,37.35921675,126.9194206,2023-11-30
군포시생활문화센터 다목적스튜디오,일,9:00,21:00,10:00,18:00,Y,1,(시간당)15000원,,,80,,경기도 군포시 수리산로 112 (산본동),,,37.35921675,126.9194206,2023-11-30
군포시생활문화센터 커뮤니티갤러리홀,일,9:00,21:00,10:00,18:00,Y,,,,,50,,경기도 군포시 수리산로 112 (산본동),,,37.35921675,126.9194206,2023-11-30
수리산상상마을 동아리실,토+일,9:00,18:00,0:00,0:00,N,,무료,,,20,,경기도 군포시 수리산로 112 (산본동),,,37.35921675,126.9194206,2023-11-30
수리산상상마을 디지털플랫폼,일,10:00,20:30,10:00,17:00,Y,1,(평일 시간당)20000원+(토요일 시간당)24000원,,,8,,경기도 군포시 수리산로 112 (산본동),,,37.35921675,126.9194206,2023-11-30
수리산상상마을 1인 미디어실 1,일,9:00,21:00,10:00,17:30,Y,1,(시간당)1250원+(토요일 시간당)1500원,,,1,,경기도 군포시 수리산로 112 (산본동),,,37.35921675,126.9194206,2023-11-30
수리산상상마을 1인 미디어실 2,일,9:00,21:00,10:00,17:30,Y,1,(시간당)1250원+(토요일 시간당)1500원,,,1,,경기도 군포시 수리산로 112 (산본동),,,37.35921675,126.9194206,2023-11-30
양천구 목3동 자치회관 배움터3,일,15:00,21:00,9:00,13:00,Y,1,5000,,,24,20,서울특별시 양천구 목동중앙남로16나길 55 (목동),,02-2620-3990,37.54474,126.864437,2023-11-20
양천구 목3동 자치회관 스튜디오,금+토+일,9:00,17:00,0:00,0:00,Y,1,5000,,,10,20,서울특별시 양천구 목동중앙남로16나길 55 (목동),,02-2620-3990,37.54474,126.864437,2023-11-20
양천구 목4동자치회관 지하회의실,토+일,9:00,21:00,0:00,0:00,Y,1,2000,,,30,108,서울특별시 양천구 목동중앙로 25 (목동),,02-2620-4004,37.532433,126.868397,2023-11-20
양천구 목5동자치회관 목마홀,일,18:00,20:00,9:00,13:00,Y,1,3000,,,100,300,서울특별시 양천구 목동서로 41 (목동),,02-2620-4026,37.537183,126.881717,2023-11-20
양천구 목5동자치회관 취미교실2,토+일,9:00,18:00,0:00,0:00,Y,1,2000,,,20,56,서울특별시 양천구 목동서로 41 (목동),,02-2620-4026,37.537183,126.881717,2023-11-20
양천구 목5동주민센터 북까페,일,9:00,20:00,9:00,17:00,N,,,,,10,30,서울특별시 양천구 목동서로 41 (목동),,02-2620-4026,37.537183,126.881717,2023-11-20
양천구 신월1동자치회관 다목적홀,토+일,9:00,20:00,0:00,0:00,Y,1,5000,,,80,165,서울특별시 양천구 곰달래로1길 38 (신월동),,02-2620-4068,37.532804,126.831526,2023-11-20
양천구 신월1동자치회관 2층 강의실,토+일,9:00,20:00,0:00,0:00,Y,1,2000,,,15,33,서울특별시 양천구 곰달래로1길 38 (신월동),,02-2620-4068,37.532804,126.831526,2023-11-20
양천구 신월2동자치회관 다목적홀,일,9:00,18:00,10:00,14:00,Y,1,3000,,,50,144,서울특별시 양천구 중앙로53길 47(신월동),,02-2620-4079,37.524973,126.84456,2023-11-20
양천구 신월2동자치회관 제2강의실,일,9:00,20:00,10:00,14:00,Y,1,2000,,,30,37,서울특별시 양천구 중앙로53길 47(신월동),,02-2620-4079,37.524973,126.84456,2023-11-20
양천구 신월3동자치회관 다목적실,일,18:00,20:30,9:00,12:00,Y,1,3000,,,80,115,서울특별시 양천구 남부순환로54길 5 (신월동),,02-2620-4096,37.53363,126.829081,2023-11-20
양천구 신월4동자치회관 문화강의실,토+일,9:00,18:00,0:00,0:00,Y,1,5000,,,20,49,서울특별시 양천구 오목로5길 34 (신월동),,02-2620-4115,37.524697,126.840079,2023-11-20
양천구 신월4동자치회관 어울림카페,토+일,9:00,18:00,0:00,0:00,N,,,,,20,33,서울특별시 양천구 오목로5길 34 (신월동),,02-2620-4115,37.524697,126.840079,2023-11-20
강진아트홀,월,9:00,22:00,9:00,22:00,Y,3,110000,0.5,55000,700,8449.2,전라남도 강진군 강진읍 영랑로1길 9,전라남도 강진군 남성리 23-2,061-430-3972,34.6381352,126.7704992,2023-07-21
강진아트홀,월,9:00,22:00,9:00,22:00,Y,3,60000,0.5,30000,700,8449.2,전라남도 강진군 강진읍 영랑로1길 9,전라남도 강진군 남성리 23-2,061-430-3972,34.6381352,126.7704992,2023-07-21
강진아트홀,월,9:00,22:00,9:00,22:00,Y,3,30000,0.5,15000,700,8449.2,전라남도 강진군 강진읍 영랑로1길 9,전라남도 강진군 남성리 23-2,061-430-3972,34.6381352,126.7704992,2023-07-21
강진아트홀,월,9:00,22:00,9:00,22:00,Y,3,40000,0.5,2000,700,8449.2,전라남도 강진군 강진읍 영랑로1길 9,전라남도 강진군 남성리 23-2,061-430-3972,34.6381352,126.7704992,2023-07-21
강진복지타운,월,9:00,22:00,9:00,22:00,Y,3,25000,0.5,12500,700,8449.2,전라남도 강진군 강진읍 영랑로1길 9,전라남도 강진군 남성리 23-2,061-430-3972,34.6381352,126.7704992,2023-07-21
탄현청소년문화의집 2층 별카페,월+법정 공휴일,9:00,21:00,9:00,21:00,N,,,,,60,177.91,"경기도 고양시 일산서구 일현로 97-11(탄현동, 일산 위브더제니스)",경기도 고양시 일산서구 탄현동 1640,031-995-4220,37.69507267,126.7621663,2023-12-22
화정청소년자유공간 파티룸,일+월,11:00,20:00,11:00,20:00,N,,,,,7,12.92,경기도 고양시 덕양구 화정로 지하 63,경기도 고양시 덕양구 화정동 963 지하,031-995-4310,37.63495157,126.8330469,2023-12-22
주교청소년자유공간,일+월,9:00,20:00,9:00,18:00,N,,,,,17,68.19,경기도 고양시 덕양구 마상로102번길 48,,031-995-4300,37.65964873,126.8329591,2023-12-22
고양종합운동장 주경기장,잔디휴면기(8월)+동절기(12월~2월),6:00,22:00,6:00,22:00,Y,3,(평일 주간) 700000+(휴일 주간) 2006000,1,,40000,60460,경기도 고양시 일산서구 중앙로 1601(대화동),경기도 고양시 일산서구 대화동 2320,031-929-4876,37.67642241,126.7430639,2023-12-22
고양종합운동장 보조구장,잔디휴면기(8월)+동절기(12월~3월),6:00,22:00,6:00,22:00,Y,2,(평일 주간) 200000+(휴일 주간) 300000,1,,990,19000,경기도 고양시 일산서구 중앙로 1601(대화동),경기도 고양시 일산서구 대화동 2320,031-929-4876,37.67642241,126.7430639,2023-12-22
고양종합운동장 중회의실,연중무휴,9:00,22:00,9:00,22:00,Y,3,50000,3,50000,25,112,경기도 고양시 일산서구 중앙로 1601(대화동),경기도 고양시 일산서구 대화동 2320,031-929-4868,37.67642241,126.7430639,2023-12-22
고양종합운동장 연회장,연중무휴,9:00,22:00,9:00,22:00,Y,1,60000,1,60000,50,277,경기도 고양시 일산서구 중앙로 1601(대화동),경기도 고양시 일산서구 대화동 2320,031-929-4868,37.67642241,126.7430639,2023-12-22
성저파크골프장,화+동절기(12월~3월),9:00,17:00,9:00,17:00,Y,2,3300,2,3300,100,27047,경기도 고양시 일산서구 중앙로 1601(대화동),경기도 고양시 일산서구 대화동 2320,031-929-4862,37.67642241,126.7430639,2023-12-22
고양인공암벽장,화+동절기(11월~3월),14:00,22:00,10:00,18:00,Y,2,2200,2,2200,30,45632,경기도 고양시 일산서구 중앙로 1601(대화동),경기도 고양시 일산서구 대화동 2320,031-929-4862,37.67642241,126.7430639,2023-12-22
금산다락원 스포츠센터 종합생활체육실,월+공휴일,6:00,20:30,9:00,17:00,Y,,[평일] (1개월 70000 1회 10000) [토/일] (10000),,,,,충청남도 금산군 금산읍 금산로 1559,충청남도 금산군 금산읍 중도리 203-1,041-750-3486,36.11206663,127.4916388,2023-12-15
금산다락원 스포츠센터 엘리트체육실,월+공휴일,6:00,20:30,9:00,17:00,Y,,[평일] (1개월 50000 1회 5000) [토/일] (5000),,,,,충청남도 금산군 금산읍 금산로 1559,충청남도 금산군 금산읍 중도리 203-1,041-750-3486,36.11206663,127.4916388,2023-12-15
금산다락원 스포츠센터 생활체육실,월+공휴일,6:00,20:30,9:00,17:00,Y,,[평일] (1개월 50000 1회 5000) [토/일] (5000),,,,,충청남도 금산군 금산읍 금산로 1559,충청남도 금산군 금산읍 중도리 203-1,041-750-3486,36.11206663,127.4916388,2023-12-15
금산다락원 스포츠센터 유아체육실,월+공휴일,6:00,20:30,9:00,17:00,Y,,[평일] (1개월 50000 1회 5000) [토/일] (5000),,,,,충청남도 금산군 금산읍 금산로 1559,충청남도 금산군 금산읍 중도리 203-1,041-750-3486,36.11206663,127.4916388,2023-12-15
군산시청소년문화의집3층,월,9:00,21:00,10:00,19:00,Y,4,50000,,,100,,전라북도 군산시 양안로 133,전라북도 군산시 조촌동 905,063-451-7942,35.974294,126.743527,2023-12-29
군산시청소년문화의집2층,월,9:00,21:00,10:00,19:00,Y,1,20000,,,,,전라북도 군산시 양안로 133,전라북도 군산시 조촌동 905,063-451-7942,35.974294,126.743527,2023-12-29
자원봉사센터센터 2층,토+일+법정휴일,9:00,18:00,0:00,0:00,Y,4,100000,,,130,,전라북도 군산시 삼화안길 9,전라북도 군산시 문화동 899-1,063-451-1365,35.97450045,126.707423,2023-12-29
자원봉사센터센터 2층,토+일+법정휴일,9:00,18:00,0:00,0:00,Y,4,50000,,,15,,전라북도 군산시 삼화안길 9,전라북도 군산시 문화동 899-1,063-451-1365,35.97450045,126.707423,2023-12-29
자원봉사센터센터 2층,토+일+법정휴일,9:00,18:00,0:00,0:00,Y,4,50000,,,32,,전라북도 군산시 삼화안길 9,전라북도 군산시 문화동 899-1,063-451-1365,35.97450045,126.707423,2023-12-29
군산시평생학습관본관,토+일,9:00,18:00,0:00,0:00,N,,,,,10,,전라북도 군산시 황룡로 43,전라북도 군산시 미룡동 903-1,063-454-5962,35.944798,126.689929,2023-12-29
미성동주민센터본관2층,토+일,9:00,18:00,0:00,0:00,N,,,,,120,,전라북도 군산시 공항로 371,전라북도 군산시 산북동 2479-3,063-454-7836,35.95786821,126.6576242,2023-12-29
조촌동주민센터본관2층,토+일,9:00,18:00,0:00,0:00,N,,,,,30,,전라북도 군산시 조촌로 102,전라북도 군산시 조촌동 739-1,063-454-7523,35.97319964,126.7381418,2023-12-29
나운2동행정복지센터본관2층(헬스장),토+일,8:30,18:00,0:00,0:00,Y,3,21000,,,20,,전라북도 군산시 나운3길 16,전라북도 군산시 나운동 376-1,063-454-7714,35.964859,126.699609,2023-12-29
나운2동행정복지센터본관2층,토+일,9:00,16:30,0:00,0:00,Y,3,33000,,,25,,전라북도 군산시 나운3길 16,전라북도 군산시 나운동 376-1,063-454-7714,35.964859,126.699609,2023-12-29
나운2동행정복지센터본관3층,토+일,10:00,17:00,0:00,0:00,Y,3,33000,,,60,,전라북도 군산시 나운3길 16,전라북도 군산시 나운동 376-1,063-454-7714,35.964859,126.699609,2023-12-29
나운2동행정복지센터본관3층,토+일,9:00,18:00,0:00,0:00,N,,,,,35,,전라북도 군산시 나운3길 16,전라북도 군산시 나운동 376-1,063-454-7714,35.964859,126.699609,2023-12-29
경암동주민센터본관2층,토+일,9:00,18:00,0:00,0:00,N,,,,,60,,전라북도 군산시 경암3길 56(경암동),전라북도 군산시 경암동 636-37,063-454-7552,35.979468,126.729873,2023-12-29
개정면사무소본관2층,토+일,9:00,18:00,0:00,0:00,N,,,,,100,,전라북도 군산시 개정면 바르메길 42,전라북도 군산시 개정면 발산리 86-9,063-454-7194,35.958338,126.796845,2023-12-29
개정면사무소본관2층(헬스장),토+일,9:00,18:00,0:00,0:00,N,,,,,10,,전라북도 군산시 개정면 바르메길 42,전라북도 군산시 개정면 발산리 86-9,063-454-7194,35.958338,126.796845,2023-12-29
옥구읍사무소본관 3층,토+일,9:00,18:00,0:00,0:00,N,,,,,50,,전라북도 군산시 옥구읍 옥구로 6,전라북도 군산시 옥구읍 선제리 98-11,063-454-7014,35.922887,126.685392,2023-12-29
옥구읍사무소본관 2층(헬스장),토+일,9:00,18:00,0:00,0:00,Y,1,5000,,,20,,전라북도 군산시 옥구읍 옥구로 6,전라북도 군산시 옥구읍 선제리 98-11,063-454-7015,35.922887,126.685392,2023-12-29
구암동주민센터3층,토+일,9:00,18:00,0:00,0:00,N,,,,,80,,전라북도 군산시 세풍길 21(구암동),전라북도 군산시 구암동 377,063-454-7582,35.985844,126.743987,2023-12-29
구암동주민센터2층,토+일,9:00,18:00,0:00,0:00,N,,,,,20,,전라북도 군산시 세풍길 21(구암동),전라북도 군산시 구암동 377,063-454-7582,35.985844,126.743987,2023-12-29
소룡동행정복지센터본관4층,토+일,9:00,18:00,0:00,0:00,N,,,,,54,,전라북도 군산시 설림안4길 30,전라북도 군산시 소룡동 1530-7,063-454-7793,35.973799,126.683807,2023-12-29
소룡동행정복지센터본관4층,토+일,9:00,18:00,0:00,0:00,N,,,,,18,,전라북도 군산시 설림안4길 30,전라북도 군산시 소룡동 1530-7,063-454-7793,35.973799,126.683807,2023-12-29
소룡동행정복지센터본관3층,토+일,9:00,18:00,0:00,0:00,N,,,,,22,,전라북도 군산시 설림안4길 30,전라북도 군산시 소룡동 1530-7,063-454-7793,35.973799,126.683807,2023-12-29
상복공원 봉안당,연중무휴,8:30,17:30,8:30,17:30,Y,131400,"170,000",,,,,경상남도 창원시 성산구 공단로 474번길 160,경상남도 창원시 성산구 상복동 591,055-712-0935,35.191697,128.661607,2020-12-02
상복공원 화장장,"설,추석 당일",7:30,16:30,7:30,16:30,Y,,"70,000",,,,,경상남도 창원시 성산구 공단로 474번길 160,경상남도 창원시 성산구 상복동 591,055-712-0935,35.192389,128.661501,2020-12-02
상복공원 장례식장,연중무휴,0:00,0:00,0:00,0:00,Y,24,"1,800",,,,,경상남도 창원시 성산구 공단로 474번길 160,경상남도 창원시 성산구 상복동 591,055-712-0935,35.192928,128.660589,2020-12-02
진해 봉안당,연중무휴,8:30,17:30,8:30,17:30,Y,131400,"170,000",,,,,경상남도 창원시 진해구 진해대로 1426-51,경상남도 창원시 진해구 제덕동 751,055-712-0935,35.106067,128.755508,2020-12-02
마산 봉안당,연중무휴,8:30,17:30,8:30,17:30,Y,131400,"170,000",,,,,경상남도 창원시 마산합포구 진동면 공원묘원로 136-106,경상남도 창원시 마산합포구 진동면 인곡리 산198,055-712-0935,35.141534,128.522642,2020-12-02
마산 화장장,"설,추석 당일",7:30,16:30,7:30,16:30,Y,,"70,000",,,,482,경상남도 창원시 마산합포구 진동면 공원묘원로 232,경상남도 창원시 마산합포구 진동면 인곡리 47-1,055-712-0935,35.139446,128.531272,2020-12-02
JS실내테니스 광도테니스장,연중무휴,6:00,22:00,6:00,22:00,Y,1,3500,,,15,2400,,경상남도 통영시 광도면 노산리 46-38,055-650-4732,34.89425489,128.4117839,2024-01-12
노산게이트볼장,연중무휴,6:00,22:00,6:00,22:00,N,,,,,10,2000,,경상남도 통영시 광도면 노산리 481-12,055-650-4732,34.89487459,128.409403,2024-01-12
도원게이트볼장,연중무휴,6:00,22:00,6:00,22:00,N,,,,,10,300,경상남도 통영시 도산면 남해안대로 2054,경상남도 통영시 도산면 원산리933,055-650-4732,34.93365884,128.3541863,2024-01-12
미수게이트볼장,연중무휴,6:00,22:00,6:00,22:00,N,,,,,20,1000,,경상남도 통영시 미수동 247-7,055-650-4732,34.82964264,128.4099299,2024-01-12
미수체육공원 미수테니스장,연중무휴,6:00,22:00,6:00,22:00,Y,1,3500,,,10,750,,경상남도 통영시 미수동 152-1,055-650-4732,34.82223829,128.4051841,2024-01-12
봉평게이트볼장,연중무휴,6:00,22:00,6:00,22:00,N,,,,,10,500,경상남도 통영시 봉수돌샘길 43-5,경상남도 통영시 봉평동 253,055-650-4732,34.82469549,128.416959,2024-01-12
북신게이트볼장,연중무휴,6:00,22:00,6:00,22:00,N,,,,,20,300,경상남도 통영시 평인일주로 1134,경상남도 통영시 무전동 1014,055-650-4732,34.85973613,128.4195861,2024-01-12
산양게이트볼장,연중무휴,6:00,22:00,6:00,22:00,N,,,,,10,500,경상남도 통영시 산양읍 산양일주로 1625-39,경상남도 통영시 산양읍 삼덕리 592-3,055-650-4732,34.80093792,128.3852654,2024-01-12
3층 회의실,법정공휴일,9:00,21:00,10:00,18:00,Y,2,"25,000원",1,12500,20,66,서울특별시 도봉구 시루봉로 62-7,,02-2091-5586,37.6564188,127.0283688,2019-06-28
2층 회의실,법정공휴일,9:00,21:00,9:00,17:00,Y,2,"25,000원",1,12500,25,85.72,서울특별시 도봉구 방학로2길 27,,02-2091-5604,37.6641869,127.0406367,2019-06-28
강당,법정공휴일,9:00,21:00,9:00,17:00,Y,2,"25,000원",1,12500,30,169.58,서울특별시 도봉구 방학로2길 27,,02-2091-5604,37.6641869,127.0406367,2019-06-28
마을아뜰리에 뜻아트,법정공휴일,16:00,21:00,0:00,0:00,Y,2,"15,000원",1,7500,15,50,서울특별시 도봉구 방학로6길20-9,,02-2091-5604,37.6642708,127.0374371,2019-06-28
2층 교양강좌실,법정공휴일,9:00,21:00,10:00,18:00,Y,2,"5,000원",1,2500,20,63,서울특별시 도봉구 시루봉로 226,,02-2091-5629,37.668177,127.0350425,2019-06-28
강의실,법정공휴일,9:00,21:00,10:00,18:00,Y,2,"15,000원",1,7500,50,144,서울특별시 도봉구 시루봉로 94,,02-2091-5669,37.6591413,127.0279921,2019-06-28
지하1층  문화교실,법정공휴일,9:00,21:00,10:00,18:00,Y,2,"8,000원",1,4000,15,64,서울특별시 도봉구 시루봉로 94,,02-2091-5669,37.6591413,127.0279921,2019-06-28
2층 회의실,법정공휴일,9:00,21:00,9:00,17:00,Y,2,"10,000원",1,5000,15,37,서울특별시 도봉구 해등로4길 3,,02-2091-5678,37.6485286,127.0440451,2019-06-28
대강강,법정공휴일,9:00,21:00,9:00,17:00,Y,2,"20,000원",1,10000,300,726,서울특별시 도봉구 덕릉로59길 73-3,,02-2091-5704,37.6413898,127.0356396,2019-06-28
강의실1,매주 화요일/법정공휴일,9:00,18:00,9:00,17:00,Y,3,"30,000원",,,30,62,서울특별시 도봉구 덕릉로 315,,02-900-1835,37.6445808,127.0438827,2019-06-28
강의실2,매주 화요일/법정공휴일,9:00,18:00,9:00,17:00,Y,3,"30,000원",,,40,64.84,서울특별시 도봉구 덕릉로 315,,02-900-1835,37.6445808,127.0438827,2019-06-28
대강의실,매주화요일/법정공휴일,9:00,18:00,9:00,17:00,Y,3,"50,000원",,,60,119,서울특별시 도봉구 덕릉로 315,,02-900-1835,37.6445808,127.0438827,2019-06-28
회의실,"1,3주 일요일 및 법정공휴일",9:00,22:00,9:00,22:00,Y,3,"30,000원",0.5,6000,150,311.38,서울특별시 도봉구 도봉로 552,,02-901-5160,37.6540005,127.0386044,2019-06-28
다목적실,법정공휴일,10:00,19:00,10:00,18:00,Y,2,0,0,0,20,94,서울특별시 도봉구 시루봉로17길 42,,02-3491-0500,37.6692804,127.032581,2019-06-28
청소년휴카페 아토(카페),법정공휴일,10:00,19:00,10:00,18:00,Y,2,0,0,0,15,57,서울특별시 도봉구 시루봉로17길 42,,02-3491-0500,37.6692804,127.032581,2019-06-28
청소년휴카페 아토(공연장),법정공휴일,10:00,19:00,10:00,18:00,Y,2,0,0,0,30,102,서울특별시 도봉구 시루봉로17길 42,,02-3491-0500,37.6692804,127.032581,2019-06-28
회의실,법정공휴일,10:00,19:00,10:00,18:00,Y,2,0,0,0,12,40,서울특별시 도봉구 시루봉로17길 42,,02-3491-0500,37.6692804,127.032581,2019-06-28
강당,법정공휴일,10:00,20:00,10:00,18:00,Y,2,0,0,0,70,115,서울특별시 도봉구 시루봉로17길 42,,02-3491-0500,37.6692804,127.032581,2019-06-28
반딧불이,법정공휴일,10:00,19:00,10:00,18:00,Y,2,0,0,0,10,35,서울특별시 도봉구 시루봉로17길 42,,02-3491-0500,37.6692804,127.032581,2019-06-28
아이사랑방,법정공휴일,10:00,19:00,10:00,18:00,Y,2,0,0,0,12,58,서울특별시 도봉구 시루봉로17길 42,,02-3491-0500,37.6692804,127.032581,2019-06-28
은행나루 채움,법정공휴일,9:00,21:00,10:00,18:00,Y,2,"10,000원",1,5000,30,46.2,서울특별시 도봉구 시루봉로 94,,02-2091-5669,37.6591413,127.0279921,2019-06-28
노인종합문화회관 대강당,일,9:00,18:00,9:00,18:00,Y,1,20000원,1,24000,400,597,인천광역시 남동구 용천로205번길 21,인천광역시 남동구 간석동 55-1,032-456-2600,37.46838242,126.7129366,2023-12-21
송도 달빛공원 다목적구장,월,8:00,18:00,8:00,18:00,Y,2,(평일)30000원+(주말)50000원,,,22,96502,인천광역시 연수구 아트센터대로97번길 76,인천광역시 연수구 송도동 18-10,032-456-2860,37.39700013,126.645892,2023-12-21
송도 달빛공원 리틀야구장,연중무휴,8:00,20:00,8:00,20:00,Y,3,(평일)50000원+(주말)80000원,,,20,7570,인천광역시 연수구 아트센터대로97번길 76,인천광역시 연수구 송도동 18-10,032-456-2860,37.39700013,126.645892,2023-12-21
송도 달빛공원 달빛풋살장,월,8:00,22:00,8:00,22:00,Y,2,(평일)15000원+(주말)25000원,,,22,46272,인천광역시 연수구 아트센터대로97번길 76,인천광역시 연수구 송도동 18-10,032-456-2860,37.39700013,126.645892,2023-12-21
송도 달빛공원 인천송도파크골프장,월+동절기(1~3월),9:00,18:00,9:00,18:00,Y,2,2200원,,,76,28000,인천광역시 연수구 아트센터대로97번길 76,인천광역시 연수구 송도동 18-10,032-456-2860,37.39700013,126.645892,2023-12-21
송도 달빛축제공원 실내농구장,월,8:00,22:00,8:00,22:00,Y,2,(평일)32000원+(주말)40000원,,,20,2815,인천광역시 연수구 센트럴로 350,인천광역시 연수구 송도동 26-1,032-456-2860,37.40785375,126.6325097,2023-12-21
송도 달빛축제공원 실내 배드민턴장,월,8:00,22:00,8:00,22:00,Y,2,(평일)8000원+(주말)10000원,,,16,134614,인천광역시 연수구 센트럴로 350,인천광역시 연수구 송도동 26-1,032-456-2860,37.40785375,126.6325097,2023-12-21
송도 달빛축제공원 실내 테니스장,월,8:00,22:00,8:00,22:00,Y,2,(평일)40000원+(주말)50000원,,,8,11242,인천광역시 연수구 센트럴로 350,인천광역시 연수구 송도동 26-1,032-456-2860,37.40785375,126.6325097,2023-12-21
송도 새아침공원 새아침테니스장,연중무휴,6:00,22:00,6:00,22:00,Y,2,5000원,,,16,,인천광역시 연수구 신송로118번길 35,인천광역시 연수구 송도동 2-1,032-456-2860,37.39613488,126.6561184,2023-12-21
송도 해돋이공원 배드민턴장,연중무휴,9:00,18:00,9:00,18:00,N,2,,,,8,134612,인천광역시 연수구 해돋이로 51,인천광역시 연수구 송도동 5-1,032-456-2860,37.3885078,126.6547078,2023-12-21
을숙도 리틀야구장,월,8:00,17:00,8:00,17:00,Y,,,,,,,,부산광역시 사하구 하단동 1149-12 (을숙도 상단부),051-220-4838,35.10991075,128.9466511,2023-12-18
강서구 화곡본동주민센터 2층 다목적실,토+일+ 공휴일,18:00,21:00,0:00,0:00,Y,2,30000,1,15000,50,120,서울특별시 강서구 초록마을로5길 29,,02-2600-7454,37.5440365,126.8476554,2024-02-22
강서구 화곡1동주민센터 2층 다목적실,일+공휴일,9:00,21:00,9:00,13:00,Y,2,20000,0.5,5000,40,121,서울특별시 강서구 곰달래로 79,,02-2600-7493,37.53050858,126.8415883,2024-02-22
동부스포츠센터 수영장,둘째 주 금+넷째 주 금,6:00,22:00,9:00,18:00,Y,,,,,,,경상남도 김해시 신어산길 44,경상남도 김해시 삼방동 840-2,055-336-9318,35.25635391,128.9073731,2022-10-18
동부스포츠센터 헬스장,둘째 주 금+넷째 주 금,6:00,22:00,10:00,18:00,Y,,,,,,,경상남도 김해시 신어산길 44,경상남도 김해시 삼방동 840-2,055-336-9318,35.25635391,128.9073731,2022-10-18
동부스포츠센터 체육관,둘째 주 금+넷째 주 금,6:00,22:00,6:00,18:00,Y,,,,,,,경상남도 김해시 신어산길 44,경상남도 김해시 삼방동 840-2,055-336-9318,35.25635391,128.9073731,2022-10-18
김해운동장,연중무휴,9:00,22:00,9:00,22:00,N,,,,,1476,,경상남도 김해시 가야로 245,경상남도 김해시 구산동 660,055-323-7313,35.25679338,128.8773218,2022-10-18
김해체육관,연중무휴,9:00,18:00,9:00,18:00,N,,,,,15,,경상남도 김해시 가야로 245,경상남도 김해시 구산동 660,055-323-7313,35.25679338,128.8773218,2022-10-18
초당작은도서관 강의실,월+일 제외한 공휴일,10:00,18:00,10:00,18:00,N,0,,,,19,12,강원도 강릉시 연당길 116 (초당동),강원도 강릉시 초당동 232-2,033-660-4542,37.78733422,128.912194,2023-05-08
월대산작은도서관 강의실,월+일 제외한 공휴일,10:00,18:00,10:00,18:00,N,0,,,,12,4,강원도 강릉시 성덕포남로 80-21 (입암동),강원도 강릉시 입암동 58-2,033-660-4543,37.76316134,128.9182604,2023-05-08
남산작은도서관 강의실,월+일 제외한 공휴일,10:00,18:00,10:00,18:00,N,0,,,,14,12,강원도 강릉시 강변로194번길 21 (내곡동),강원도 강릉시 내곡동 123-8,033-660-3265,37.74552069,128.8911976,2023-05-08
화정1동행정복지센터회의실,토+일+법정공휴일,9:00,18:00,0:00,0:00,N,,,,,25,135,광주광역시 서구 내방로338번길11,광주광역시 서구 화정동 71-81,062-350-4395,35.1563319,126.8777353,2023-12-14
화정2동행정복지센터다목적실,토+일+법정공휴일,9:00,18:00,0:00,0:00,N,,,,,40,,광주광역시 서구 화운로 94,광주광역시 서구 화정동 1611,062-350-4404,35.1483372,126.8806458,2023-12-14
화정2동행정복지센터회의실,토+일+법정공휴일,9:00,18:00,0:00,0:00,N,,,,,50,71,광주광역시 서구 화운로 94,광주광역시 서구 화정동 1611,062-350-4404,35.1483372,126.8806458,2023-12-14
화정3동행정복지센터다목적실,토+일+법정공휴일,9:00,18:00,0:00,0:00,N,,,,,80,,광주광역시 서구 월드컵4강로68번길 21,광주광역시 서구 화정동 818-8,062-350-4423,35.143459,126.876938,2023-12-14
화정3동행정복지센터회의실,토+일+법정공휴일,9:00,18:00,0:00,0:00,N,,,,,30,170,광주광역시 서구 월드컵4강로68번길 21,광주광역시 서구 화정동 818-8,062-350-4423,35.143459,126.876938,2023-12-14
화정4동행정복지센터다목적실,토+일+법정공휴일,9:00,18:00,0:00,0:00,N,,,,,80,,광주광역시 서구 염화로83번길 3,광주광역시 서구 화정동 919-1,062-350-4444,35.1418003,126.873795,2023-12-14
화정4동행정복지센터작은도서관,토+일+법정공휴일,9:00,17:00,0:00,0:00,N,,,,,20,,광주광역시 서구 염화로83번길 3,광주광역시 서구 화정동 919-1,062-350-4444,35.1418003,126.873795,2023-12-14
간양3리(마을회관)야외운동기구,연중무휴,0:00,23:59,0:00,23:59,N,,,,,,,,충청남도 예산군 예산읍 간양리 511-7,041-339-8981,36.7270066,126.8577952,2023-12-21
관작리(마을회관)야외운동기구,연중무휴,0:00,23:59,0:00,23:59,N,,,,,,,,충청남도 예산군 예산읍 관작리 512-13,041-339-8981,36.7091853,126.8359096,2023-12-21
궁평리(마을회관)야외운동기구,연중무휴,0:00,23:59,0:00,23:59,N,,,,,,,,충청남도 예산군 예산읍 궁평리 203-3,041-339-8981,36.73923751,126.8543755,2023-12-21
장유스포츠센터 젤미다목적구장,연중무휴,0:00,0:00,0:00,0:00,N,,,,,,,경상남도 김해시 번화2로 72(삼문동),경상남도 김해시 삼문동 695,055-312-0445,35.19572118,128.8049459,2022-10-18
해동이국민체육센터 수영장,매주 일요일,6:00,21:00,9:00,18:00,Y,,,,,103,,경상남도 김해시 삼계로 136(삼계동),경상남도 김해시 삼계동 산 2-4,055-311-9265,35.2627407,128.8774193,2022-10-18
삼산월드체육관 주경기장,연중무휴,9:00,18:00,9:00,18:00,Y,9,체육경기: (평일)200000원+(공휴일)300000원+체육경기외: (평일)500000원+,1,20,7000,2913,인천광역시 부평구 체육관로 60,인천광역시 부평구 삼산동 458-1,032-456-2158,37.50770183,126.7375375,2023-12-21
삼산월드체육관 보조경기장,연중무휴,9:00,18:00,9:00,18:00,Y,9,체육경기: (평일)70000원+(공휴일)100000원+체육경기외: (평일)200000원+(,1,20,600,1042,인천광역시 부평구 체육관로 60,인천광역시 부평구 삼산동 458-1,032-456-2158,37.50770183,126.7375375,2023-12-21
삼산월드체육관 축구장,연중무휴,9:00,18:00,9:00,18:00,Y,2,(평일)100000원+(공휴일)140000원[조기(06:00~08:00) 사용시 50 감액,,,30,7072,인천광역시 부평구 체육관로 60,인천광역시 부평구 삼산동 458-1,032-456-2168,37.50770183,126.7375375,2023-12-21
삼산월드체육관 농구장,연중무휴,9:00,18:00,9:00,18:00,N,2,,,,10,546,인천광역시 부평구 체육관로 60,인천광역시 부평구 삼산동 458-1,032-456-2168,37.50770183,126.7375375,2023-12-21
삼산월드체육관 족구장,연중무휴,9:00,18:00,9:00,18:00,N,2,,,,12,405,인천광역시 부평구 체육관로 60,인천광역시 부평구 삼산동 458-1,032-456-2168,37.50770183,126.7375375,2023-12-21
삼산월드체육관,연중무휴,9:00,18:00,9:00,18:00,Y,2,20000,,,40,65,인천광역시 부평구 체육관로 60,인천광역시 부평구 삼산동 458-1,032-456-2158,37.50770183,126.7375375,2023-12-21
송림체육관 보조경기장,추석연휴+설연휴+근로자의날,0:00,23:59,0:00,23:59,Y,9,체육경기: (평일)130000원+(주말)200000원 / 체육경기외: (평일)300000원,1,20,372,1699,인천광역시 동구 염전로 30,인천광역시 동구 송림동 344,032-456-2200,37.48439269,126.6475851,2023-12-21
송림체육관 인천동구체력인증센터,토요일+일요일+추석연휴+설연휴+근로자의날+공휴일,9:00,18:00,0:00,0:00,N,,,,,110,331.43,인천광역시 동구 염전로 30,인천광역시 동구 송림동 344,032-456-2225,37.48439269,126.6475851,2023-12-21
사회복지회관 대강당,토+일+추석연휴+설날연휴+근로자의날,9:00,21:00,0:00,0:00,Y,1,30000원,1,6000,230,295,인천광역시 남동구 용천로 208,인천광역시 남동구 간석동 58-9,032-456-2400,37.46824528,126.7143466,2023-12-21
사회복지회관 소강당,토+일+추석연휴+설날연휴+근로자의날,9:00,21:00,0:00,0:00,Y,1,10000원,1,2000,50,121,인천광역시 남동구 용천로 208,인천광역시 남동구 간석동 58-9,032-456-2400,37.46824528,126.7143466,2023-12-21
이천시 히딩크드림필드 (시각장애인축구장),설연휴+추석연휴,9:00,18:00,9:00,18:00,Y,0,,0,,,800,경기도 이천시 경충대로2709번길 128,,031-631-7939,37.27945718,127.4275554,2024-01-23
이천시 종합운동장 보조경기장 인조잔디구장,설연휴+추석연휴,6:00,21:00,6:00,21:00,Y,2,평일30000+주말40000,1,,,15620,경기도 이천시 부발읍 중부대로 1696,,031-644-4314,37.28627697,127.4953303,2024-01-23
이천시 종합운동장 테니스장,설연휴+추석연휴,9:00,22:00,9:00,22:00,N,,,,,,1036,경기도 이천시 부발읍 중부대로 1696,,031-644-4317,37.28627697,127.4953303,2024-01-23
이천시 종합운동장 족구장,설연휴+추석연휴,9:00,21:00,9:00,21:00,N,,,,,,1036,경기도 이천시 부발읍 중부대로 1696,,031-631-7400,37.28627697,127.4953303,2024-01-23
이천시 종합운동장 인라인경기장,설연휴+추석연휴,0:00,23:59,0:00,23:59,N,,,,,,4306,경기도 이천시 부발읍 중부대로 1696,,031-631-7400,37.28627697,127.4953303,2024-01-23
이천시 종합운동장 대교눈높이배드민턴체육관,설연휴+추석연휴,8:00,22:00,9:00,18:00,Y,2,평일1000+주말2000,0,,,1482,경기도 이천시 부발읍 중부대로 1696,,031-631-6925,37.28627697,127.4953303,2024-01-23
율하체육관 다목적실,매주 일요일,10:00,21:00,0:00,0:00,Y,,,,,,,경상남도 김해시 율하2로 258,경상남도 김해시 관동동 1123-1,055-329-1039,35.17819567,128.8213399,2022-10-18
대덕1리 마을회관 야외운동기구,연중무휴,0:00,23:59,0:00,23:59,N,,,,,,,,충청남도 예산군 신양면 대덕리 609,041-339-8562,36.59234612,126.8725604,2023-12-21
만사리 마을회관 야외운동기구,연중무휴,0:00,23:59,0:00,23:59,N,,,,,,,,충청남도 예산군 신양면 만사리 202-3,041-339-8562,36.58292785,126.8628916,2023-12-21
신양1리 게이트볼장 야외운동기구,연중무휴,0:00,23:59,0:00,23:59,N,,,,,,,,충청남도 예산군 신양면 신양리 553-4,041-339-8562,36.60004202,126.8684916,2023-12-21
죽천1리 마을회관 야외운동기구,연중무휴,0:00,23:59,0:00,23:59,N,,,,,,,충청남도 예산군 신양면 죽천길 46,충청남도 예산군 신양면 죽천리 561,041-339-8562,36.598571,126.8590382,2023-12-21
신양초등학교 야외운동기구,연중무휴,0:00,23:59,0:00,23:59,N,,,,,,,,충청남도 예산군 신양면 신양리 346-3,041-339-8562,36.60229518,126.8691805,2023-12-21
간양1리(마을회관)야외운동기구,연중무휴,0:00,23:59,0:00,23:59,N,,,,,,,,충청남도 예산군 예산읍 간양리 272-5,041-339-8981,36.7367273,126.8593967,2023-12-21
도화1동 행정복지센터 다목적실,토+일+공휴일,9:00,18:00,0:00,0:00,N,,,,,,,인천광역시 미추홀구 경인로 295,인천광역시 미추홀구 도화동 391-11,032-728-6281,37.46090745,126.673829,2023-12-15
도화2.3동주민센터 회의실,토+일+공휴일,9:00,18:00,0:00,0:00,N,,,,,,,인천광역시 미추홀구 장고개로 29-1,인천광역시 미추홀구 도화동 1011-1,032-728-6303,37.47092258,126.6661438,2023-12-15
주안1동행정복지센터 다목적실,토+일+공휴일,9:00,18:00,0:00,0:00,N,1,0,1,0,20,90,인천광역시 미추홀구 주안서로53번길 22,인천광역시 미추홀구 주안동 266-1,032-728-6321,37.46379112,126.67658,2023-12-15
주안2동행정복지센터 다목적실,토+일,9:00,18:00,0:00,0:00,N,1,0,1,,30,66,인천광역시 미추홀구 남주길43번길 14-29,인천광역시 미추홀구 주안동 594-41,032-728-6343,37.45469924,126.6727245,2023-12-15
주안3동행정복지센터 회의실,토+일+공휴일,9:00,18:00,0:00,0:00,N,1,0,1,0,30,66,인천광역시 미추홀구 주승로31번길 28-10,인천광역시 미추홀구 주안동 867-9,032-728-6361,37.44488455,126.6740315,2023-12-15
주안4동행정복지센터 다목적실,토+일+공휴일,9:00,21:00,0:00,0:00,N,1,0,1,,40,165,인천광역시 미추홀구 구월남로 5,인천광역시 미추홀구 주안동 1552-16,032-728-6386,37.45512738,126.6903025,2023-12-15
주안5동행정복지센터 회의실,토+일+공휴일,9:00,18:00,0:00,0:00,N,,,,,,,인천광역시 미추홀구 석정로 461번길 21,인천광역시 미추홀구 주안동 1634,032-728-6405,37.467133,126.686708,2023-12-15
주안6동행정복지센터 다목적실,토+일+공휴일,9:00,18:00,0:00,0:00,N,1,,1,,30,164,인천광역시 미추홀구 경원대로864번길 59,인천광역시 미추홀구 주안동 1616,032-728-6424,37.46127832,126.692311,2023-12-15
주안7동행정복지센터 다목적실,토+일+공휴일,9:00,18:00,0:00,0:00,N,1,0,1,,40,130,인천광역시 미추홀구 인하로 265,인천광역시 미추홀구 주안동 1437-5,032-728-6443,37.44844518,126.6776513,2023-12-15
주안8동행정복지센터 회의실,토+일+공휴일,9:00,18:00,0:00,0:00,N,1,0,1,,,,인천광역시 미추홀구 인주대로470번길 24,인천광역시 미추홀구 주안동 1530,032-728-6461,37.44956626,126.6893094,2023-12-15
관교동주민센터 회의실,토+일,9:00,18:00,0:00,0:00,N,,,,,,,인천광역시 미추홀구 인하로 452,인천광역시 미추홀구 관교동 13-1,032-728-6483,37.44417922,126.6968093,2023-12-15
관교동주민센터 다목적실,토+일,9:00,18:00,9:00,18:00,N,,,,,,,인천광역시 미추홀구 인하로 452,인천광역시 미추홀구 관교동 13-1,032-728-6483,37.44417922,126.6968093,2023-12-15
장산 축구장,연중무휴,9:00,18:00,9:00,18:00,N,,,,,,5400,,전라남도 신안군 장산면 대리 65,061-240-8368,34.63862207,126.1469243,2024-01-23
무안황토갯벌랜드,매주 일요일+매주 월요일+법정공휴일,7:00,14:00,7:00,14:00,Y,,성인5000원+어린이3000원,0,0,112,,전라남도 무안군 해제면 황토갯벌길 88,전라남도 무안군 해제면 유월리 1,061-452-0059,35.10192825,126.3335106,2024-01-11
무안황토갯벌랜드,"1월 1일+설날+추석+매주 월요일(다만, 월요일이 공휴일인 경우 그 다음날)",9:00,18:00,9:00,18:00,N,,,0,0,,,전라남도 무안군 해제면 황토갯벌길 88,전라남도 무안군 해제면 유월리 1,061-450-5650,35.10192825,126.3335106,2024-01-11
무안황토갯벌랜드,"1월 1일+설날+추석+매주 월요일(다만, 월요일이 공휴일인 경우 그 다음날)",9:00,18:00,9:00,18:00,N,,,0,0,,,전라남도 무안군 해제면 황토갯벌길 88,전라남도 무안군 해제면 유월리 1,061-452-2552,35.10192825,126.3335106,2024-01-11
무안황토갯벌랜드,"1월 1일+설날+추석+매주 월요일(다만, 월요일이 공휴일인 경우 그 다음날)",11:00,18:00,10:00,18:00,Y,,,0,0,,,전라남도 무안군 해제면 황토갯벌길 88,전라남도 무안군 해제면 유월리 1,061-450-5651,35.10192825,126.3335106,2024-01-11
무안황토갯벌랜드,연중무휴,0:00,23:59,0:00,23:59,N,,,0,0,,,전라남도 무안군 해제면 황토갯벌길 88,전라남도 무안군 해제면 유월리 1,061-450-5642,35.10192825,126.3335106,2024-01-11
문화예술회관 다목적실,월+공휴일,9:00,20:00,9:00,20:00,Y,11,40000,1,40000,70,287,전라남도 장성군 장성읍 문화로 110,전라남도 장성군 장성읍 기산리 388,061-390-8578,35.30226766,126.7678846,2024-02-13
문화예술회관 소공연장,월+공휴일,9:00,22:00,9:00,22:00,Y,10,200000,1,130000,199,361,전라남도 장성군 장성읍 문화로 110,전라남도 장성군 장성읍 기산리 388,061-390-8578,35.30226766,126.7678846,2024-02-13
문화예술회관 대공연장,월+공휴일,9:00,22:00,9:00,22:00,Y,10,300000,1,200000,684,1083,전라남도 장성군 장성읍 문화로 110,전라남도 장성군 장성읍 기산리 388,061-390-8578,35.30226766,126.7678846,2024-02-13
행복한모루도서관 누리방,월+일 제외한 공휴일,10:00,22:00,10:00,18:00,N,0,,,,20,61,강원도 강릉시 율곡로 2923-12 (교동),강원도 강릉시 교동 822,033-660-3247,37.76383478,128.8912288,2023-05-08
행복한모루도서관 나눔방,월+일 제외한 공휴일,10:00,22:00,10:00,18:00,N,0,,,,20,56,강원도 강릉시 율곡로 2923-12 (교동),강원도 강릉시 교동 822,033-660-3247,37.76383478,128.8912288,2023-05-08
행복한모루도서관 사랑방,월+일 제외한 공휴일,10:00,22:00,10:00,18:00,N,0,,,,20,56,강원도 강릉시 율곡로 2923-12 (교동),강원도 강릉시 교동 822,033-660-3247,37.76383478,128.8912288,2023-05-08
행복한모루도서관 배움방,월+일 제외한 공휴일,10:00,22:00,10:00,18:00,N,0,,,,20,56,강원도 강릉시 율곡로 2923-12 (교동),강원도 강릉시 교동 822,033-660-3247,37.76383478,128.8912288,2023-05-08
행복한모루도서관 하슬라강당,월+일 제외한 공휴일,10:00,22:00,10:00,18:00,N,0,,,,100,218,강원도 강릉시 율곡로 2923-12 (교동),강원도 강릉시 교동 822,033-660-3247,37.76383478,128.8912288,2023-05-08
행복한모루도서관 강의실(문화의집 문화감상실),월+일 제외한 공휴일,10:00,22:00,10:00,18:00,N,0,,,,15,0,강원도 강릉시 율곡로 2923-12 (교동),강원도 강릉시 교동 822,033-647-3254,37.76383478,128.8912288,2023-05-08
행복한모루도서관 강의실(문화의집 문화의집 문화창작실),월+일 제외한 공휴일,10:00,22:00,10:00,18:00,N,0,,,,15,0,강원도 강릉시 율곡로 2923-12 (교동),강원도 강릉시 교동 822,033-647-3254,37.76383478,128.8912288,2023-05-08
행복한모루도서관 강의실(문화의집 모임공간),월+일 제외한 공휴일,10:00,22:00,10:00,18:00,N,0,,,,6,0,강원도 강릉시 율곡로 2923-12 (교동),강원도 강릉시 교동 822,033-647-3254,37.76383478,128.8912288,2023-05-08
성덕반딧불작은도서관 강의실,월+일 제외한 공휴일,10:00,18:00,10:00,18:00,N,0,,,,20,35,강원도 강릉시 강중길 55 (입암동),강원도 강릉시 입암동 632-6,033-660-3260,37.75591202,128.908109,2023-05-08
포남어울림작은도서관 강의실,월+일 제외한 공휴일,10:00,18:00,10:00,18:00,N,0,,,,22,107,강원도 강릉시 성덕포남로 149번길 42(포남동),강원도 강릉시 포남동 1005-367,033-660-3261,37.76300983,128.9084258,2023-05-08
불원리 마을회관 야외운동기구,연중무휴,0:00,23:59,0:00,23:59,N,,,,,,,충청남도 예산군 신양면 불원귀곡길 23-7,충청남도 예산군 신양면 불원리 480,041-339-8562,36.622017,126.874835,2023-12-21
하천리 야외운동기구,연중무휴,0:00,23:59,0:00,23:59,N,,,,,,,,충청남도 예산군 신양면 하천리 52-1,041-339-8562,36.60627202,126.9179044,2023-12-21
여래미리 마을회관 야외운동기구,연중무휴,0:00,23:59,0:00,23:59,N,,,,,,,충청남도 예산군 신양면 여래미길 56-6,충청남도 예산군 신양면 여래미리 255,041-339-8562,36.579094,126.8774078,2023-12-21
시왕2리 마을회관 야외운동기구,연중무휴,0:00,23:59,0:00,23:59,N,,,,,,,충청남도 예산군 신양면 불원시왕길 328-4,충청남도 예산군 신양면 시왕리 178-2,041-339-8562,36.621275,126.910268,2023-12-21
무봉리 마을회관 야외운동기구,연중무휴,0:00,23:59,0:00,23:59,N,,,,,,,,충청남도 예산군 신양면 무봉리 137-11,041-339-8562,36.60946499,126.8331847,2023-12-21
대덕2리 마을회관 야외운동기구,연중무휴,0:00,23:59,0:00,23:59,N,,,,,,,충청남도 예산군 신양면 차동로 327-7,충청남도 예산군 신양면 대덕리 1013,041-339-8562,36.592811,126.8904647,2023-12-21
서계양1리 마을회관 야외운동기구,연중무휴,0:00,23:59,0:00,23:59,N,,,,,,,충청남도 예산군 신양면 서계양두련길 71,충청남도 예산군 신양면 서계양리 461-2,041-339-8562,36.61160038,126.860995,2023-12-21
귀곡2리 마을회관 야외운동기구,연중무휴,0:00,23:59,0:00,23:59,N,,,,,,,충청남도 예산군 신양면 귀곡길 49,충청남도 예산군 신양면 귀곡리 1036,041-339-8562,36.63993221,126.8717142,2023-12-21
차동리 마을회관 야외운동기구,연중무휴,0:00,23:59,0:00,23:59,N,,,,,,,충청남도 예산군 신양면 차동대촌길 11,충청남도 예산군 신양면 차동리 587-8,041-339-8562,36.59127851,126.9053688,2023-12-21
황계리 마을회관 야외운동기구,연중무휴,0:00,23:59,0:00,23:59,N,,,,,,,,충청남도 예산군 신양면 황계리 226,041-339-8562,36.60143895,126.8275636,2023-12-21
시왕1리 마을회관 야외운동기구,연중무휴,0:00,23:59,0:00,23:59,N,,,,,,,,충청남도 예산군 신양면 시왕리 450-12,041-339-8562,36.62273752,126.8912815,2023-12-21
삼산풋살경기장(평일),"매주 월요일, 1월 1일, 설·추석 당일",6:00,22:00,6:00,22:00,Y,,10000,,,,,울산 남구 화합로 224-27,울산광역시 남구 삼산동 1534,052-226-0962,35.544742,129.342513,2019-10-02
삼산풋살경기장(주말),"매주 월요일, 1월 1일, 설·추석 당일",6:00,22:00,6:00,22:00,Y,,15000,,,,,울산 남구 화합로 224-27,울산광역시 남구 삼산동 1534,052-226-0962,35.544742,129.342513,2019-10-02
남산풋살경기장(평일),"매주 월요일, 1월 1일, 설·추석 당일",6:00,22:00,6:00,22:00,Y,,10000,,,,,울산광역시 남구 은월로 74-21,울산광역시 남구 신정동 1628,052-226-0962,35.53999115,129.2961851,2019-10-02
남산풋살경기장(주말),"매주 월요일, 1월 1일, 설·추석 당일",6:00,22:00,6:00,22:00,Y,,15000,,,,,울산광역시 남구 은월로 74-21,울산광역시 남구 신정동 1628,052-226-0962,35.53999115,129.2961851,2019-10-02
장복2리 야외운동기구,연중무휴,0:00,23:59,0:00,23:59,N,,,,,,,,충청남도 예산군 대술면 장복리 297,041-339-8523,36.68333008,126.9275348,2023-12-21
장복1리 야외운동기구,연중무휴,0:00,23:59,0:00,23:59,N,,,,,,,,충청남도 예산군 대술면 장복리 606,041-339-8523,36.68334216,126.9278427,2023-12-21
이티1리 야외운동기구,연중무휴,0:00,23:59,0:00,23:59,N,,,,,,,충청남도 예산군 대술면 이티길 287,,041-339-8523,36.6419767,126.9099514,2023-12-21
시산1리 야외운동기구,연중무휴,0:00,23:59,0:00,23:59,N,,,,,,,충청남도 예산군 대술면 시루미길 3,,041-339-8523,36.67635164,126.8761577,2023-12-21
상항리 야외운동기구,연중무휴,0:00,23:59,0:00,23:59,N,,,,,,,충청남도 예산군 대술면 상항방산로 83,,041-339-8523,36.67232872,126.9155174,2023-12-21
산정리 야외운동기구,연중무휴,0:00,23:59,0:00,23:59,N,,,,,,,충청남도 예산군 대술면 산정대실길 41,,041-339-8523,36.65538196,126.8812409,2023-12-21
마전1리 야외운동기구,연중무휴,0:00,23:59,0:00,23:59,N,,,,,,,,충청남도 예산군 대술면 마전리 750-57,041-339-8523,36.63698633,126.9041164,2023-12-21
농리 야외운동기구,연중무휴,0:00,23:59,0:00,23:59,N,,,,,,,,"충청남도 예산군 대술면 농리 267-1,514",041-339-8523,36.66145151,126.9023199,2023-12-21
궐곡1리 야외운동기구,연중무휴,0:00,23:59,0:00,23:59,N,,,,,,,,충청남도 예산군 대술면 궐곡리 151,041-339-8523,36.69072325,126.903011,2023-12-21
대술면스포츠센터,주말+공휴일,9:00,21:00,0:00,0:00,N,,,,,,,충청남도 예산군 대술면 대술로 147-1,,041-339-8523,36.65785338,126.8922953,2023-12-21
황계리 다박골경로당 야외운동기구,연중무휴,0:00,23:59,0:00,23:59,N,,,,,,,충청남도 예산군 신양면 황계길 117,충청남도 예산군 신양면 황계리 54,041-339-8562,36.59699794,126.837766,2023-12-21
녹문리 마을회관 야외운동기구,연중무휴,0:00,23:59,0:00,23:59,N,,,,,,,충청남도 예산군 신양면 녹문노루목길 34,충청남도 예산군 신양면 녹문리 418-3,041-339-8562,36.60407493,126.8568698,2023-12-21
서창한옥문화관강당,월,9:00,22:00,9:00,22:00,Y,,30000 ~ 104000,,,30,,광주광역시 서구 눌재로 420,광주광역시 서구 세하동 559-1,062-373-1365,35.11523537,126.8300424,2023-12-14
신양면 주민자치센터 체력단련실,주말+공휴일,9:00,20:50,0:00,0:00,N,,,,,,,충청남도 예산군 신양면 신양1길 2,충청남도 예산군 신양면 신양리 362-2,041-339-8564,36.601279,126.8677545,2023-12-21
신양면 족구장,주말+공휴일,9:00,18:00,0:00,0:00,N,,,,,,,,충청남도 예산군 신양면 신양리 895-24,041-339-8562,36.59932472,126.8638364,2023-12-21
신양면게이트볼장,주말+공휴일,9:00,18:00,0:00,0:00,N,,,,,,,충청남도 예산군 신양면 신양1길 24,충청남도 예산군 신양면 신양리 553-4,041-339-8562,36.60004202,126.868491,2023-12-21
하천리 경로당 야외운동기구,연중무휴,0:00,23:59,0:00,23:59,N,,,,,,,충청남도 예산군 신양면 신양하천길 201-12,충청남도 예산군 신양면 하천리 537,041-339-8562,36.60998916,126.892282,2023-12-21
가지1리 마을회관 야외운동기구,연중무휴,0:00,23:59,0:00,23:59,N,,,,,,,충청남도 예산군 신양면 가지1길 19,충청남도 예산군 신양면 가지리 254,041-339-8562,36.572902,126.855421,2023-12-21
신양2리 마을회관 야외운동기구,연중무휴,0:00,23:59,0:00,23:59,N,,,,,,,충청남도 예산군 신양면 신양하천길 85,충청남도 예산군 신양면 신양리 808,041-339-8562,36.6089401,126.8796895,2023-12-21
종합운동장 육상보조트랙,연중무휴,7:00,22:00,7:00,22:00,N,,무료,,,,,경상남도 거창군 거창읍 심소정길39-36,경상남도 거창군 거창읍 양평리 1160,055-940-8735,35.69513581,127.9263505,2024-02-15
종합운동장 씨름장,연중무휴,7:00,22:00,7:00,22:00,N,,무료,,,200,425,,경상남도 거창군 거창읍 양평리 1126,055-940-8735,35.6962472,127.9261434,2024-02-15
종합운동장 파크골프장,연중무휴,7:00,22:00,7:00,22:00,N,,무료,,,,17000,경상남도 거창군 거창읍 심소정길39-36,경상남도 거창군 거창읍 양평리 1160,055-940-8735,35.69513581,127.9263505,2024-02-15
종합운동장 그라운드골프장,연중무휴,7:00,22:00,7:00,22:00,N,,무료,,,,7300,,경상남도 거창군 거창읍 양평리 1126,055-940-8735,35.6962875,127.9261434,2024-02-15
종합운동장 골프연습장,월요일+설연휴+추석연휴,7:00,22:00,7:00,22:00,Y,,70000원,,,,300,경상남도 거창군 거창읍 심소정길39-36,경상남도 거창군 거창읍 양평리 1160,055-940-8735,35.69513581,127.9263505,2024-02-15
종합운동장 인공암벽등반,연중무휴,7:00,22:00,7:00,22:00,N,,무료,,,,105,경상남도 거창군 거창읍 심소정길39-37,경상남도 거창군 거창읍 양평리 1160,055-940-8735,35.69513581,127.9263505,2024-02-15
종합운동장 궁도장,연중무휴,7:00,22:00,7:00,22:00,N,,무료,,,,469,경상남도 거창군 거창읍 심소정길39-38,경상남도 거창군 거창읍 양평리 1160,055-940-8735,35.69513581,127.9263505,2024-02-15
종합운동장 테니스장,연중무휴,7:00,22:00,7:00,22:00,Y,,(회원)7000원+(비회원)20000원,,,,7829,경상남도 거창군 거창읍 심소정길39-39,경상남도 거창군 거창읍 양평리 1160,055-940-8735,35.69513581,127.9263505,2024-02-15
종합운동장 배드민턴장,연중무휴,7:00,22:00,7:00,22:00,N,,무료,,,,437,경상남도 거창군 거창읍 심소정길39-40,경상남도 거창군 거창읍 양평리 1160,055-940-8735,35.69513581,127.9263505,2024-02-15
종합운동장 족구장,연중무휴,7:00,22:00,7:00,22:00,N,,무료,,,,4240,경상남도 거창군 거창읍 심소정길39-41,경상남도 거창군 거창읍 양평리 1160,055-940-8735,35.69513581,127.9263505,2024-02-15
종합운동장 게이트볼장,연중무휴,7:00,22:00,7:00,22:00,N,,무료,,,,3003,경상남도 거창군 거창읍 심소정길39-42,경상남도 거창군 거창읍 양평리 1160,055-940-8735,35.69513581,127.9263505,2024-02-15
종합운동장 인라인스케이트장,연중무휴,7:00,22:00,7:00,22:00,N,,무료,,,,,경상남도 거창군 거창읍 심소정길39-43,경상남도 거창군 거창읍 양평리 1160,055-940-8735,35.69513581,127.9263505,2024-02-15
보령국민체육센터 헬스장,일+1월 1일+설 연휴+추석 연휴,6:00,22:00,6:00,18:00,Y,,3500,,,,2436.99,충청남도 보령시 남포면 보령남로 347,충청남도 보령시 남포면 옥동리 331-11,041-930-0963,36.31376021,126.6039317,2024-02-28
보령국민체육센터 수영장,일+1월 1일+설 연휴+추석 연휴,6:00,22:00,6:00,18:00,Y,,3500,,,,,충청남도 보령시 남포면 보령남로 347,충청남도 보령시 남포면 옥동리 331-11,041-930-0963,36.31376021,126.6039317,2024-02-28
보령종합경기장 다목적경기장,1월 1일+설 연휴+추석 연휴,8:00,22:00,9:00,18:00,Y,,,,,25000,25195,충청남도 보령시 남포면 보령남로 343,충청남도 보령시 남포면 창동리 342,041-930-0962,36.31435799,126.6055501,2024-02-28
보령종합체육관 다목적경기장,1월 1일+설 연휴+추석 연휴,8:00,22:00,9:00,21:00,Y,,,,,2742,1632,충청남도 보령시 남포면 보령남로 339,충청남도 보령시 남포면 창동리 653-163,041-930-0961,36.31500607,126.6038431,2024-02-28
보령종합체육관 볼링장,1월 1일+설 연휴+추석 연휴,8:00,22:00,9:00,21:00,Y,,2500,,,,,충청남도 보령시 남포면 보령남로 339,충청남도 보령시 남포면 창동리 653-163,041-932-3137,36.31500607,126.6038431,2024-02-28
보령종합체육관 스쿼시장,1월 1일+설 연휴+추석 연휴,8:00,22:00,9:00,21:00,Y,,5000,,,,,충청남도 보령시 남포면 보령남로 339,충청남도 보령시 남포면 창동리 653-163,041-930-0961,36.31500607,126.6038431,2024-02-28
대천체육관 실내체육관,1월 1일+설 연휴+추석 연휴,8:00,22:00,9:00,21:00,Y,,,,,3000,,충청남도 보령시 대천로 136,충청남도 보령시 죽정동 432-6,041-930-0964,36.35664686,126.606498,2024-02-28
진동종합복지관 수영장,"1, 3주 일요일",6:00,20:00,6:00,18:00,Y,24,"3,000",,,100,1094,경상남도 창원시 마산합포구 진동면 신서촌로 15,경상남도 창원시 마산합포구 진동면 진동리 872,055-712-0255,35.135075,128.570076,2020-12-02
진동종합복지관 헬스장,"1, 3주 일요일",6:00,21:00,6:00,18:00,Y,56,"30,000",,,50,302,경상남도 창원시 마산합포구 진동면 신서촌로 15,경상남도 창원시 마산합포구 진동면 진동리 872,055-712-0255,35.135075,128.570076,2020-12-02
진동종합복지관 노래방,"1, 3주 일요일",9:00,18:00,9:00,18:00,Y,0.08,200,,,10,21,경상남도 창원시 마산합포구 진동면 신서촌로 15,경상남도 창원시 마산합포구 진동면 진동리 872,055-712-0255,35.135075,128.570076,2020-12-02
진동종합복지관 북카페,매주 일요일,9:00,18:00,9:00,18:00,N,,,,,40,125,경상남도 창원시 마산합포구 진동면 신서촌로 15,경상남도 창원시 마산합포구 진동면 진동리 872,055-712-0255,35.135075,128.570076,2020-12-02
진동종합복지관 농구장,연중무휴,9:00,21:00,9:00,21:00,N,,,,,10,420,경상남도 창원시 마산합포구 진동면 신서촌로 15,경상남도 창원시 마산합포구 진동면 진동리 872,055-712-0255,35.135075,128.570076,2020-12-02
진동종합복지관 그라운드골프장,"1, 3주 일요일",9:00,18:00,9:00,18:00,N,,,,,20,1248,경상남도 창원시 마산합포구 진동면 신서촌로 15,경상남도 창원시 마산합포구 진동면 진동리 872,055-712-0255,35.135075,128.570076,2020-12-02
진동종합복지관 장기바둑실,"1, 3주 일요일",9:00,18:00,9:00,18:00,N,,,,,20,59,경상남도 창원시 마산합포구 진동면 신서촌로 15,경상남도 창원시 마산합포구 진동면 진동리 872,055-712-0255,35.135075,128.570076,2020-12-02
진동종합복지관 포켓볼장,"1, 3주 일요일",9:00,18:00,9:00,18:00,N,,,,,5,38,경상남도 창원시 마산합포구 진동면 신서촌로 15,경상남도 창원시 마산합포구 진동면 진동리 872,055-712-0255,35.135075,128.570076,2020-12-02
진동종합복지관 건강증진실,"1, 3주 일요일",9:00,17:00,0:00,0:00,N,,,,,15,135,경상남도 창원시 마산합포구 진동면 신서촌로 15,경상남도 창원시 마산합포구 진동면 진동리 872,055-712-0255,35.135075,128.570076,2020-12-02
(4코트) 퇴미공원 배드민턴장,공휴일,6:00,21:00,6:00,21:00,N,2,,,,30,663,경기도 안성시 공도읍 공도로 116-84,경기도 안성시 공도읍 만정리 879,031-678-6868,36.99902149,127.1788508,2023-12-12
(3코트) 퇴미공원 배드민턴장,공휴일,6:00,21:00,6:00,21:00,N,2,,,,30,663,경기도 안성시 공도읍 공도로 116-84,경기도 안성시 공도읍 만정리 879,031-678-6868,36.99902149,127.1788508,2023-12-12
(2코트) 퇴미공원 배드민턴장,공휴일,6:00,21:00,6:00,21:00,N,2,,,,30,663,경기도 안성시 공도읍 공도로 116-84,경기도 안성시 공도읍 만정리 879,031-678-6868,36.99902149,127.1788508,2023-12-12
(1코트) 퇴미공원 배드민턴장,공휴일,6:00,21:00,6:00,21:00,N,2,,,,30,663,경기도 안성시 공도읍 공도로 116-84,경기도 안성시 공도읍 만정리 879,031-678-6868,36.99902149,127.1788508,2023-12-12
퇴미공원 족구장,공휴일,6:00,21:00,6:00,21:00,N,2,,,,100,418,경기도 안성시 공도읍 공도로 116-70,경기도 안성시 공도읍 만정리 244-3,031-678-6868,36.99878654,127.1786383,2023-12-12
퇴미공원 농구장,공휴일,6:00,21:00,6:00,21:00,N,2,,,,100,524,경기도 안성시 공도읍 공도로 116-70,경기도 안성시 공도읍 만정리 244-3,031-678-6868,36.99878654,127.1786383,2023-12-12
죽산공공하수처리시설 축구장,공휴일,6:00,21:00,6:00,21:00,N,2,,,,100,6878,경기도 안성시 죽산면 하구산길 4-181,경기도 안성시 죽산면 매산리 190-8,031-678-6868,37.09858407,127.4472323,2023-12-12
(1코트) 주은청설아파트탁구장,공휴일,9:00,22:00,13:00,22:00,N,2,,,,100,302.4,경기도 안성시 대학로 74,경기도 안성시 금산동 81-2,031-678-6868,37.01491203,127.2668583,2023-12-12
(1코트) 일죽테니스장,공휴일,6:00,21:00,6:00,21:00,N,2,,,,100,1286,경기도 안성시 일죽면 서동대로 7446-1,경기도 안성시 일죽면 송천리 산 35-10,031-678-6868,37.0930944,127.4747039,2023-12-12
일죽공공하수처리시설 축구장,공휴일,6:00,21:00,6:00,21:00,N,2,,,,100,6371,경기도 안성시 일죽면 주래본죽로 189-21,경기도 안성시 일죽면 주천리 615,031-678-6868,37.09572917,127.4951499,2023-12-12
원곡물류단지공원 축구장,공휴일,6:00,21:00,6:00,21:00,N,2,,,,100,6573,경기도 안성시 원곡면 원곡물류단지1로 72,경기도 안성시 원곡면 칠곡리 921,031-678-6868,37.04666358,127.1630411,2023-12-12
율하체육관 체육관,매주 일요일,6:00,22:00,9:00,18:00,Y,,,,,,,경상남도 김해시 율하2로 258,경상남도 김해시 관동동 1123-1,055-329-1039,35.17819567,128.8213399,2022-10-18
양동행정복지센터공유부엌,토+일+법정공휴일,9:00,18:00,0:00,0:00,N,,,,,50,173.82,광주광역시 서구 독립로200번길 7,광주광역시 서구 양동 96-4,062-350-4204,35.15009291,126.906907,2023-12-14
유덕동행정복지센터회의실,토+일+법정공휴일,9:00,18:00,0:00,0:00,N,,,,,100,324,광주광역시 서구 유덕로 24,광주광역시 서구 유촌동 497-1,062-350-4303,35.165119,126.851842,2023-12-14
치평동행정복지센터2층회의실,토+일+법정공휴일,9:00,18:00,0:00,0:00,N,,,,,50,327,광주광역시 서구 상무공원로 62 치평동주민센터,광주광역시 서구 치평동 1171-11,062-350-4335,35.149957,126.843321,2023-12-14
치평동행정복지센터3층주민자치프로그램실,토+일+법정공휴일,9:00,18:00,0:00,0:00,N,,,,,20,,광주광역시 서구 상무공원로 62 치평동주민센터,광주광역시 서구 치평동 1171-11,062-350-4335,35.149957,126.843321,2023-12-14
풍암동행정복지센터회의실,토+일+법정공휴일,9:00,18:00,0:00,0:00,N,,,,,20,,광주광역시 서구 풍암1로 27 풍암동주민센터,광주광역시 서구 풍암동 1125,062-350-4532,35.124734,126.878663,2023-12-14
화정1동행정복지센터다목적실,토+일+법정공휴일,9:00,18:00,0:00,0:00,N,,,,,50,,광주광역시 서구 내방로338번길11,광주광역시 서구 화정동 71-81,062-350-4395,35.1563319,126.8777353,2023-12-14
화전1리 야외운동기구,연중무휴,0:00,23:59,0:00,23:59,N,,,,,,100,충청남도 예산군 봉산면 화전1길 62,,041-339-8766,36.75529926,126.6877525,2023-12-21
화전2리 야외운동기구,연중무휴,0:00,23:59,0:00,23:59,N,,,,,,60,충청남도 예산군 봉산면 봉산로 420,,041-339-8766,36.75311418,126.6817767,2023-12-21
궁평2리 야외운동기구,연중무휴,0:00,23:59,0:00,23:59,N,,,,,,50,충청남도 예산군 봉산면 봉산로 511,,041-339-8766,36.76122811,126.6815148,2023-12-21
금치1리 야외운동기구,연중무휴,0:00,23:59,0:00,23:59,N,,,,,,60,충청남도 예산군 봉산면 금치1길 9,,041-339-8766,36.7636329,126.672449,2023-12-21
옹안리 야외운동기구,연중무휴,0:00,23:59,0:00,23:59,N,,,,,,30,충청남도 예산군 봉산면 옹안길 37,,041-339-8766,36.77289818,126.6787053,2023-12-21
마교리 야외운동기구,연중무휴,0:00,23:59,0:00,23:59,N,,,,,,80,,충청남도 예산군 봉산면 마교리 607,041-339-8766,36.7729201,126.6896914,2023-12-21
